instruction_zh,input_zh,ans
在以下两个数字之间找出所有的质数。,从1到1000之间的数字,"2, 3, 5, 7, 11, 13, 17, 19, 23, 29, 31, 37, 41, 43, 47, 53, 59, 61, 67, 71, 73, 79, 83, 89, 97, 101, 103, 107, 109, 113, 127, 131, 137, 139, 149, 151, 157, 163, 167, 173, 179, 181, 191, 193, 197, 199, 211, 223, 227, 229, 233, 239, 241, 251, 257, 263, 269, 271, 277, 281, 283, 293, 307, 311, 313, 317, 331, 337, 347, 349, 353, 359, 367, 373, 379, 383, 389, 397, 401, 409, 419, 421, 431, 433, 439, 443, 449, 457, 461, 463, 467, 479, 487, 491, 499, 503, 509, 521, 523, 541, 547, 557, 563, 569, 571, 577, 587, 593, 599, 601, 607, 613, 617, 619, 631, 641, 643, 647, 653, 659, 661, 673, 677, 683, 691, 701, 709, 719, 727, 733, 739, 743, 751, 757, 761, 769, 773, 787, 797, 809, 811, 821, 823, 827, 829, 839, 853, 857, 859, 863, 877, 881, 883, 887, 907, 911, 919, 929, 937, 941, 947, 953, 967, 971, 977, 983, 991, 997."
描述如何调整电脑的亮度。,,"您可以按照以下步骤调整电脑的亮度：

1. 找到电脑的亮度调节键。这个键通常显示为太阳，可以在键盘的F1到F12之中。

2. 按下亮度调节键，调节到您合适的亮度程度。

如果您的电脑没有亮度调节键，您仍然可以通过以下方式调节：

1. 点击Windows键，打开菜单。

2. 在菜单中搜索“屏幕亮度”或“显示设置”。

3. 进入显示设置界面，可通过滑动条或百分比设置亮度。

4. 调整至您需要的亮度后，点击保存或应用即可。"
分享一个简单的素食食谱。,,"素炒麻婆豆腐

所需材料：

1块嫩豆腐

1个中等大小的洋葱，切成块

2个蒜瓣，切成碎片

1个红辣椒，去籽切成碎片

1个绿辣椒，去籽切成碎片

1汤匙生姜丝

1汤匙豆瓣酱

1汤匙生抽酱油

1汤匙干辣椒酱

2汤匙蔬菜油

1盒切碎的香菜叶

适量盐

适量黑胡椒

适量醋

做法：

1.将嫩豆腐切成小块，用热水烫5分钟去味，沥干备用。 

2.在热锅中加入蔬菜油，放入洋葱、蒜片和生姜丝，翻炒至香味散发。 

3.加入豆瓣酱和干辣椒酱，翻炒均匀。 

4.加入嫩豆腐块，加入生抽酱油，轻轻翻拌，炒至豆腐表面略有焦色。 

5.加入适量盐和黑胡椒粉，翻炒均匀。 

6.加入适量清水，转中小火煮3-4分钟，加入红辣椒、绿辣椒和香菜，煮热即可关火。 

7.加入少量醋调味后，装盘即可。

温馨提示：

豆腐和辣椒的分量可以根据个人口味进行适当调整。如果不够辣，可加入辣椒油或辣椒粉增加辣度。此外，煮豆腐时不用煮得太久，否则会糊烂。经常吃一些实惠的素食，不仅健康而且能保持身材。"
撰写一篇文章，陈述气候变化对全球经济的影响。,随着全球变暖的影响越来越明显，人们越来越关注气候变化可能对全球经济的影响。,"气候变化对全球经济的影响已经开始显现，并将逐渐加深。以下是气候变化对全球经济的可能影响：

1. 自然灾害造成的经济损失：

随着气候变化加剧，自然灾害的发生率会随之增加。例如，洪水、干旱、飓风、暴雨和海啸等灾害可能对全球农业和渔业带来巨大的破坏。此外，自然灾害还可能摧毁基础设施和房屋，增加社会和经济的成本。

2. 能源成本的上升：

随着全球变暖，能源成本会上升。因为气温升高会导致人们使用更多的空调以及其他制冷设备来保持舒适。这可能导致国家的能源需求增加，因而推高能源成本。

3. 企业影响：

全球变暖可能影响到企业的生产过程和产品供应。例如，气候变化可能导致水资源短缺，进而影响饮食和皮革生产等行业。此外，绿色技术和可持续发展目前是全球经济首要的发展趋势，同时也是减缓气候变化的途径。但是，新的技术始终需要大量的投资和研发，这可能增加企业的成本。

4. 旅游业的损失：

气候变化可能会对旅游业造成巨大的伤害。例如，海洋生物的灭绝、海滩的污染等不仅会影响当地的生态环境，也会威胁到旅游业的基础设施。因此，气候变化可能会导致旅游业的下降，同时也会减少旅游业的相应收入。

总之，气候变化对全球经济会产生长期和全面的影响。我们应该重视并采取措施来减缓全球变暖。对环境可持续发展和绿色经济的投资，可以创造工作机会、提高效率并促进城市竞争力。这是我们应该积极追求的目标。"
提供五个环保的生活方式。,,"1. 减少塑料使用：使用可重复使用的购物袋、水瓶和咖啡杯，避免购买包装过度的产品。

2. 节约能源：关闭电气用品和灯光，规划设备使用时间，并使用高效能的能源产品。

3. 推广低碳生活：采用公共交通工具、自行车或步行，并尽量减少单独驾车。

4. 保护水资源：降低用水量，如减少洗车、缩短浴时间，并避免乱倒废水。

5. 推广可持续发展的生活方案：支持可再生能源、有机农业、自然保护项目等。"
请写一篇500字的技术报告，介绍机器学习算法的应用，以及这些算法的潜在优势和局限性。,"标题：机器学习算法的应用和优缺点
机器学习算法是一种非常强大的技术，已经开始影响着许多行业。通过使用这些算法，我们可以根据数据集训练模型，使它们能够对未来的数据进行精确的预测。这篇报告将介绍几种常见的机器学习算法以及它们的应用范围和优缺点。","一、线性回归算法
线性回归是一种最基础的机器学习算法，它的主要目的是建立数据集和唯一输出变量的关系，例如，预测商品的价格或者预测用户购买的产品类型。这个算法可被应用在各种领域，如金融、制造和健康保健等。

优势：简单易懂，易于实现。它是一个估算效果很好的算法，对于特定类型的数据，它可以制作精确的预测。

局限性：线性回归算法并不适用于复杂的数据集。如果变量间的关系是非线性的，则可能会产生误差。此外，线性回归不能处理噪声或离群值，除非使用特殊的技术手段进行处理。

二、决策树算法
决策树算法把数据集分为多个不同的区域，并指定较大的值。如果要进行分类，它可以从这些区域中选择一个。这个算法可以被应用在很多行业中，例如金融、零售和致力于研究大数据的企业。

优势：决策树算法易于理解和运用，尤其对于新手用户很有用。此外，决策树能够对数据集进行任意大小和结构的处理。

局限性：决策树算法容易受到一些小的变量的影响，它们有可能对结果产生很大的影响。此外，一些数据集具有超级大的规模，可能需要使用特殊的技术方法，减少时间和空间复杂度。

三、人工神经网络
人工神经网络算法在类似于大数据的处理问题上具有很大的优势，因为这种算法可以模拟人脑在处理信息方面的方式。它可以在多个层中建立大量的节点，并通过这些节点来处理具有不同属性的数据。这种算法广泛应用于多个领域，如自然语言处理、计算机视觉和金融机构的信用评估。

优势：人工神经网络算法在处理任意类型的数据上都具有很强的适应能力。这种算法可以帮助我们更好的理解和预测真实世界的模式。此外，这个算法还可以快速处理大规模的数据集。

局限性：神经网络算法对数据进行复杂处理，因此它需要很多的时间和资源来训练模型。另外，如果数据量太小，也可能会导致这种算法的表现不佳。

结论
机器学习算法是一种非常强大的技术，它可以帮助我们解决各种复杂的问题。虽然每种算法都有自己独特的优势和局限性，但仍然可以根据具体数据集的特点选择最适合的算法。为了获得良好的结果，需要将算法和数据拆分，保证其相性较好，并进行应用和评估。"
为一份工作声明书提供编辑建议。,声明书应准确地描述公司的已知位置、业务方向和愿景。,"以下是一些编辑建议：

1. 简短明了：声明书应该简短明了，可以在两至三段内清晰准确地描述公司的基本情况。需要注意的是，声明书是一个人第一次了解公司的入门材料，因此应该尽可能的吸引读者既能赢得其信任，也使其对公司的基本情况有所了解。

2. 信息准确：声明书中的信息应该准确，并且经过核实和审查以确保其真实性和可靠性。如：公司名称、业务领域、公司愿景等信息应该准确明了。

3. 突出公司特色：在描述公司的基本情况时，可以适当的突出公司的特色，如：公司的管理理念、营销策略、人才管理等，这样可以让潜在的员工或客户对公司有更深一层的理解。

4. 贴近读者：声明书需要贴近读者，以吸引他们的注意力，使他们更容易理解公司。例如，在描述公司业务领域时，可以用通俗易懂的语言，避免使用过于专业化的词汇或术语。

5. 突出公司价值观：声明书还应该突出公司的价值观，以便让潜在的员工和客户更好地了解公司文化，有助于促进公司文化的传承和发展。

6. 语言简洁：声明书的语言应简单明了，尽可能避免长句和复杂的句式，尤其要注意用词清晰、语言简洁。

最后，需要注意的是，声明书不仅要吸引潜在的员工和客户，还要向外界展示公司文化、价值观和经营理念，因此还应该注意文本的格式以及设计上的美观性。"
根据以下业务场景创建一个逻辑模型。,你被要求为一家在线酒店预订平台设计一个流程模型，以便客户能够轻松查找和预订酒店。,"【逻辑模型】

1. 客户进入平台，点击“酒店预订”按钮。

2. 平台提供一个搜索框，让客户输入目的地、入住日期和退房日期。

3. 客户在搜索框中输入信息，点击“搜索”按钮。

4. 平台检索数据库，显示所有可用房间的酒店名称、星级评分、房间类型和价格。

5. 客户筛选结果，只显示符合特定条件（例如价格、星级、房间类型）的酒店。

6. 客户点击所选酒店，进入详细信息页面。

7. 客户可以查看酒店的所有信息，包括房间类型、价格、地理位置、服务设施、其他客户的评价等。

8. 客户选择所需房型和预定日期，点击“预订”。

9. 平台提供订单信息页面，客户填写个人信息（例如姓名、电话、电子邮件）和支付信息（例如信用卡号码）。

10. 客户核对订单信息，确认无误后提交订单。

11. 平台确认订单并将客户的联系信息发送给酒店。

12. 酒店确认预订并发送预订确认信息给客户。

13. 客户获得预订确认信息并准备入住。

14. 酒店提供服务并客户入住。

15. 客户在离开前结算财务并评价酒店。"
请列出5种不同的社交媒体平台，以及您认为这些平台的主要优缺点。,,"1. Facebook

优点：拥有全球最庞大的用户群体，可用于连接亲友、建立社区和发布内容；具有广告推广和商业营销功能。

缺点：隐私问题引起争议，存在谣言和虚假信息的传播；算法对内容筛选和展示产生较大影响。

2. Instagram

优点：注重视觉表现，适合发布和分享图片、视频等多媒体内容；广受年轻人和时尚人士欢迎，可用于个人形象宣传和商业推广。

缺点：相比于其他平台，功能较为局限，无法发布长文本和链接；可能引起用户虚荣心的滋长。

3. Twitter

优点：专注于实时信息和实时互动，同时保持简洁性和精炼性；广泛应用于新闻、政治和公共话题的讨论和传播。

缺点：存在谣言和虚假信息的传播，存在大量垃圾账号和机器人的干扰；发言权重和影响力的不平等可能引发舆论压力和冲突。

4. LinkedIn

优点：以职业人群和企业为客户，为用户提供求职和招聘信息和网络；具有商业社交和人脉拓展的功能。

缺点：相比于其他平台，用户参与度较低，信息更新速度较慢；可以引起信息泄露和职业盯梢等潜在问题。

5. TikTok

优点：注重音乐、创意、娱乐和用户互动，能够吸引到年轻人和流行文化的关注；为用户提供轻松的创意、内容分享和社交体验。

缺点：存在较多的不良内容、低俗内容、违法甚至危险内容的传播；算法和推广机制对社会和文化价值的影响需要进一步思考和管理。"
介绍世界上最著名的文学作品之一，《战争与和平》。,"标题：《战争与和平》：一部经典的文学巨著
《战争与和平》是俄国作家列夫・托尔斯泰创作的一部巨著，也被誉为世界文学史上其中一部最重要的作品。小说以拿破仑战争为背景，描绘了19世纪初英国、法国和俄国的社会生活。文学批评家称赞这部作品是一个真正的史诗，将人性和历史的方方面面全面地描绘出来。这里将介绍这部作品的主题，情节和风格。","《战争与和平》主题

《战争与和平》是以拿破仑战争为背景，描绘了那个时期的社会生活。这部作品以战争、和平和爱情为主题，旨在探讨人性、道德、历史和社会的复杂性。小说通过人物之间的互动，展现了人性的美好和丑恶，以及战争和和平的复杂性和影响。

情节

小说的情节跨越15年，从1805年的奥斯特利茨战役开始，一直到1820年的末尾。这段时间是拿破仑战争的高峰，也是俄国社会重大变革的时期。故事的主人公安德烈、娜塔莎、皮埃尔和玛丽亚四个人物的命运交织在一起。安德烈重视荣誉和战争，但感情上却疏离；娜塔莎渴望爱情，但不知道如何进行自我约束；皮埃尔是一个迷失的灵魂，但最终找到了自己的信仰；玛丽亚则是一个温柔、善良、坚定的女性。

风格

《战争与和平》的风格宏伟壮观，它具有浓郁的主旋律，以及几个并列的主线。小说风格优美，深入生活，揭示了人性的真实本质，塑造了一批具有活力、形象鲜明的人物形象。此外，小说在构思上也别具匠心，采用了一种新颖的故事结构，将大量详尽的历史细节、人物性格和事件情节有机地构建在一起。

总的来说，《战争与和平》是一部具有震撼性和格局的文学杰作。它以其独特的描绘方式和生动的人物形象，为读者揭示了人性和历史的强烈矛盾与和谐统一。它的深远意义在于向人们展示了战争、和平和爱情这些永恒主题的全貌。"
请写一篇文章，介绍历史上的某个重要事件或人物。,"标题：20世纪初：中国的革命运动
20世纪初，中国汽油了一场轰轰烈烈的革命，推翻了帝制制度，建立了新中国。这些革命家们的努力，包括辛亥革命，代表了中国人民对民族独立和社会进步的渴望。这篇文章介绍了这个重要的历史事件，将讨论其社会背景，发生的原因和它给中国带来的影响。","20世纪初期，中国遭受着外侵和内乱的双重打击。由于不平等的条约和开放政策，西方列强不断进入中国，并强行占领中国的领土。同时，清朝政府无能、腐败和不作为，加上民众面临的贫困和不公，引发了不少反对清政府的怨气和不满情绪。

这种情况下，一些有识之士开始思考中国应该如何发展。他们讨论了中国社会的问题，认为革命是推动社会进步和民族独立的必经之路。

辛亥革命于1911年爆发，推翻了清朝的帝制制度。这场革命的胜利离不开一批伟大的领袖，如孙中山、黄兴、宋教仁等人。这些人带领整个国家实现反清征服，并建立了新的民族政权。

辛亥革命彻底改变了中国的历史进程。经过一系列的改革、建设和战争，中国成为了一个新兴的强国，赢得了世界的尊重和认可。这个伟大的历史事件深刻地改变了中国的历史方向，让中国人民有了实现民族独立和社会进步的机会。

然而，在革命之后，中国社会仍然面临着许多问题。政治上，国家的统一和稳定一度受到了威胁。经济上，中国的贫富差距依然存在，农民和工人的生活水平并未改善。因此，中国需要继续努力，不断改革和建设，实现全民共同富裕。

总之，20世纪初期的中国革命运动是中国历史上一段非常重要的时期。它为中国的民族独立、民主进步和社会发展打下了基础，为中国的未来发展奠定了坚实的基础。今天，我们仍然需要铭记辛亥革命的历史意义，为中国的未来持续努力。"
将一个模型从一种编程语言转换成另一种编程语言。,你的团队最近决定使用一种不同的编程语言来编写你们的下一款软件。,"为了实现这个目标，我们需要将我们的当前模型从原来的编程语言转换成新的编程语言。这个过程需要考虑到新编程语言的语法和结构，同时也需要保证新编程语言能够完全实现原来的模型。

以下是实现这个转换的步骤：

1. 确认新编程语言和原来的编程语言之间的差异和相似之处。这将有助于我们找到两个编程语言之间的转换点。

2. 根据新编程语言的结构和语法，设计一个新的模型来代替原本的模型。我们需要确保新的模型完全覆盖原来的模型。

3. 开始将原模型中的所有组件逐一转换到新模型中，这包括函数、变量、逻辑运算符、迭代循环等等，需要一步步地进行。

4. 进行测试并调试。在将模型中的组件全部转换到新模型后，我们需要进行一些测试来确保转换的结果是正确的。同时，如果在转换过程中发现错误，还需要对其进行调试。

5. 进行优化和完善。转换后的模型可能还需要进一步完善和优化，这可能需要一些额外的工作来实现。

在完成以上步骤后，我们就可以将我们的模型从原来的编程语言转换成新的编程语言，这将为我们的下一款软件开发带来新的机会和挑战。"
将以下陈述转化为一篇有趣的故事。,他每个早晨都去公园慢跑，这已经成了他的日常生活的一部分。,"每天早晨，当城市还沉浸在宁静的黑暗之中时，一位散发着阳光般热情的男子便开始了他的慢跑之旅。他披上一件轻便的运动衫，系好鞋带，然后向着公园出发。

在这个早上，他像往常一样来到公园，准备开始日常的慢跑之旅。但此刻，他发现公园里多了许多人，有人在练太极，有人在举哑铃，还有人在跳健身操。他不由得微微一笑，心想着“今天公园可真是热闹啊！”

他开始跑步，感受着清新的空气和温暖的阳光。突然，他听到了一声惊天动地的咆哮声，他吓得浑身一颤。他扭头看去，只见一只巨大的老虎正在奔跑，迅猛而凶猛。人们纷纷逃散，但这位男子却没有畏惧，他深吸一口气，决定和老虎强行对抗。

在短短的几秒钟中，他略施小计，成功地制住了老虎，并开始和它斗智斗勇。最终，他成功地将老虎带回了动物园，让它重获自由新生。

这位男子的英勇事迹很快传遍了整个城市。从那以后，他变得更为自信和坚定，每日慢跑也变得更加有意义和有趣了。他常常向人们讲述他与老虎的惊险故事，深深感受到了生命的珍贵价值。从此，他的生命中增添了更多的色彩，也变得更加充实和美好。"
请提供五个由数字和字母组成的、长度为八个字符的随机密码。,,"1. 6trE5P8x
2. j9N5HmP2
3. q7GzL3fK
4. 5rTnU8mW
5. hjK7fD9L"
根据以下标准为该组学生选择最佳的班课议题。,"- 适合年级：小学四年级
- 涉及各种学科
- 任务能够挑战并激发学生的兴趣",最佳的班课议题应该是“我的家乡”。这个议题涉及地理、历史、文化等多个学科，可以让学生学习并发挥自己的想象力。学生可以选择自己家乡的一个特色景点或者历史事件，深入研究并展示给同学们。由于每个学生都对自己的家乡有一定的了解和感情，这个议题既能够挑战学生的知识水平，又能够激发他们对家乡的热爱和兴趣。
研究一种曾经存在但现在已经绝迹的动物，并撰写一篇介绍它们的文章。,"标题：已绝迹的生灵：XX类动物
XX类动物曾经是地球上最为壮观和神秘的一类生物之一，但如今已经彻底消失。这些动物在地球上繁衍生息了数百万年，但由于人类的入侵和破环，它们最终走向灭绝。在这篇文章中，我们将介绍其中一种已绝迹的XX类动物，包括它们的特点、生活方式和绝迹原因。","我要介绍的已绝迹动物叫做“翼手龙”，也被称作四翼龙或飞蜥蜴。翼手龙生活在1.5亿年前的侏罗纪时期，早于恐龙出现。它们的身体长度可以达到1.5米，翼展可达6米，可以在空中自由翱翔。

翼手龙的独特之处在于它们的翼膜伸到全身四肢，形成四翼的结构。它们的前肢经过漫长的进化，变成了类似手掌的结构，可以握住物体，并且还有可以拉直的大拇指，可以捉住猎物。翼手龙还有特殊的翼骨和充气的头颅，使它们可以飞行和定向掌握空中飞行状态。

翼手龙生活在当时的大陆极多，甚至可以在现在的欧洲和北美洲发现化石。它们以吞食昆虫、小型爬行动物、水生动物和小型哺乳动物为生。翼手龙由于生活在无人的地方，所以也并没有太多的天敌。

而这些神奇的动物最终却在地球上彻底消失了，这不是因为其他的动物比它们更强壮，而是人类的超越。翼手龙绝迹的时期在6500万年前，当时地球上出现了一次巨大的环境变化，包括降温和降水，导致了大多数的生命灭绝，而翼手龙也悲剧地走向了灭绝。

总的来说，翼手龙是一种绝对神奇、令人惊叹的动物，它们的存在令人敬畏，而现在它们已经消失了。它们的存在提醒我们要珍惜生命，尤其是野生动物，避免破坏和干扰自然环境，为生物多样性的保护贡献自己的力量。"
创建一份投资组合，包括股票、债券和商品。,你决定要投资。你决定使用有关各种资产类别、收益和风险的信息来帮助你做决定。,"为了创建一份综合性的投资组合，以下是一个由股票、债券和商品构成的建议组合。

股票： 
- 苹果公司（AAPL）：作为全球最大的科技公司之一，苹果公司有着强大的全球竞争力，并且在过去数年里表现优异。
- 谷歌（Alphabet Inc.，GOOGL）：作为全球领先的搜索引擎之一，谷歌公司在云计算和其他业务领域也有着强大的优势。

债券： 
- 美国国债：作为世界上最安全的债券之一，美国国债提供了稳定的收益，而且具有低风险性。
- 英国政府债券 ：英国债券也被看作比欧元区其他政府债券更有价值，这是应对该国脱欧的典型例子。

商品： 
- 黄金（Gold）：黄金通常被认为是一种“避险资产”，在经济大幅下滑或紧张局势时，投资者会寻找来保护他们的资产。
- 原油（Crude oil）：作为能源和工业基础原料的主要来源之一，原油往往与全球经济和政治事件密切相关。

以上是一份具有广泛可持续性的投资组合，涵盖了多个行业和资产类别。这可以帮助降低整体投资组合的风险，并确保在整个经济周期中都有分散的投资机会。重要的是，投资组合应根据您的财务目标和风险承受力进行个性化定制。"
从以下数据集中生成一份图表。,以下是每小时气温的数据，过去24小时。数据可以用excel导入。,由于未给出具体数据，因此无法生成一份图表。但是，建议使用线性图表（折线图）来显示过去24小时每小时气温的变化趋势。横轴应该表示时间，纵轴应该表示温度。此外，可以添加水平线作为参考，表示平均温度或阈值。
列出3种不同的户外活动，以及这些活动对身体的好处。,,"1. 徒步旅行：徒步旅行对身体有很多好处，例如增加心血管健康、强化骨骼和肌肉、增强免疫力和降低焦虑和压力。

2. 高尔夫球：高尔夫球是一种很好的户外活动，可以帮助加强手臂和腰部的力量、增加坐姿稳定性和反射神经。此外，高尔夫球还可以 training人的思维能力和战略规划。

3. 水上运动：像皮划艇、冲浪和深潜等水上运动可以增加有氧能力、强化肌肉以及增加反应速度。此外，水上运动可以通过它的 趣味性提高心情和减压。"
为一本书制定一份编辑计划。,"书名：超越困难：成为一个克服挑战的人
作者：玛丽亚・约翰逊","编辑计划：

1. 第一次阅读全书，了解主题和思想，并对书中结构和语言进行初步评估。
2. 建立章节和主题的纲要，以确保内容清晰、有条理且符合逻辑，同时避免重复和混乱。
3. 修改语言，确保流畅、准确和紧凑，避免干扰读者专注于主题。
4. 校正错别字、标点符号和其他拼写和语法错误，以确保内容无误且专业。
5. 确保图表和插图的清晰度和正确性，以便有效地传达信息。
6. 确保参考文献和注释的正确性和完整性，以支持内容准确性和可靠性。
7. 与作者协商并完成修订草稿，以确保达到出版标准和读者期望。
8. 最后一次校对后，把书交给出版社，以便制作和分发。

总之，编辑必须确保内容清晰、准确、有价值，结构合理、语言流畅、无错别字或其他问题，并能够吸引读者并激发他们的兴趣。"
请描述如何制作一杯摩卡咖啡。,,"制作一杯摩卡咖啡需要以下材料和步骤：

材料：
- 1 杯浓缩咖啡
- 1/2 杯牛奶
- 1/4 杯巧克力酱
- 加糖适量（可选）
- 轻奶油（可选）

步骤：
1. 先用咖啡机制作一杯浓缩咖啡。
2. 在另一杯中，放入牛奶，加热到稍微有点冒泡。
3. 然后，将巧克力酱倒入杯中，搅拌直到完全融化。
4. 将热牛奶倒到杯中，搅拌均匀。
5. 如果需要加糖，也可以在这个步骤加入。
6. 在顶部添加轻奶油（可选），可以点缀一些巧克力碎片或可可粉。

至此，一杯美味的摩卡咖啡就准备好啦！"
研究一种新的技术，并撰写一篇介绍这种技术的文章。,"标题：令人兴奋的新颖技术：光虫标记
光虫标记是一种新颖的激光注射技术，可以在生物体内放置荧光标记。这种技术允许科学家们在观察细胞、器官和整个生物体的过程中更加准确地追踪其活动。在这篇文章中，我们将探讨光虫标记技术的原理、工作原理以及其应用领域。","首先，让我们了解一下光虫标记技术的原理。这项技术的基本原理是将荧光标记注入到生物体内，使其表现出荧光特性，然后使用激光扫描来观察其运动和行为。这项技术的最大优势在于其非侵入性，因为激光注射只需要通过皮肤表面。此外，该技术还能够帮助科学家们研究微观生物现象。

光虫标记技术的工作原理相当简单，它使用了两种不同的荧光标记：红色和绿色。这些标记通过注射进入生物，随后通过激光扫描进行激发，然后发出荧光。在扫描期间，激光束可以定位在特定的区域，以便更好地观察生物现象。

光虫标记技术的应用领域非常广泛。在生物医学领域，该技术可以用于追踪生物体内的癌细胞，从而帮助科学家们了解肿瘤的行为和发展模式。此外，光虫标记技术还可以用于研究大脑功能，因为荧光标记可以帮助科学家们追踪特定神经元的运动和交互。

总的来说，光虫标记技术是一项非常令人兴奋的新颖技术，能够帮助研究人员更好地了解生物体内的微观现象。未来，该技术可能会得到更广泛的应用，并带来更多的发现和进步。"
"请同义重复以下句子，但使用完全不同的语言和格式。
“John Smith和Mary Johnson订婚了。”",,"""John Smith和Mary Johnson订了婚."" - (""John Smith and Mary Johnson are engaged"" in Mandarin Chinese)

""John Smith及Mary Johnson已成槲矸蚱"" - (""John Smith and Mary Johnson are now fiancés"" in Cantonese Chinese)

""John Smith og Mary Johnson har forlovet seg."" - (""John Smith and Mary Johnson got engaged"" in Norwegian) 

""John Smith et Mary Johnson se sont fiancés."" - (""John Smith and Mary Johnson are engaged"" in French) 

""Johnny Smith y Mary Johnson han comprometido."" - (""Johnny Smith and Mary Johnson have become engaged"" in Spanish)"
研究一下你最喜欢的歌曲或歌手，并写一篇介绍他们的文章。,"标题：我的最爱之一：XX乐团
XX乐团成立于20世纪90年代初，是一支知名的英国摇滚乐团。该乐团一直活跃在音乐界，并获得了众多的音乐奖项。他们的音乐引起了全世界年轻人的关注，其中包括我自己。在这篇文章中，我将介绍我最喜欢的一首XX乐团的歌曲，并分享我对乐团的一些看法。","我最喜欢的一首XX乐团歌曲是《Viva la Vida》。这首歌曲于2008年推出，是他们的第四张录音室专辑的主打歌曲。歌曲有着独特的旋律和深刻的歌词。其中有一句歌词：“I hear Jerusalem bells a ringing， Roman Cavalry choirs are singing”，这句话让我感受到了历史的沉淀和文化的渊源，非常引人入胜。

XX乐团在创作音乐方面非常有才华。他们的音乐风格不断变化，并深受年轻人的喜爱。他们的音乐涵盖了摇滚、流行、电子、古典等各种风格，而在歌词上，他们探讨了各种生活问题和哲学思想。例如，他们曾经创作过歌曲《Fix You》，歌词中表现了亲情和友情的温暖和关爱。

此外，他们还致力于慈善事业。XX乐团在2006年创办了慈善机构RockCorps，通过组织青年志愿者参与社区服务来实现社会责任，这也是我非常佩服他们的一点。

综上所述，XX乐团不仅在音乐方面拥有卓越的才华，还积极参与慈善事业。我非常喜欢他们的音乐，因为他们既能为我们带来美妙的听觉享受，又能在歌词里表达对人生的感悟。希望XX乐团能一直创作出优秀的音乐，让我们不断享受音乐的快乐。"
将如下Excel数据转换为文本文件。,以下是一篇关于销售数据的excel文件。你的任务是将它转换成文本文件，以便下一步分析。,"Date       Time     Salesperson    Item    Quantity   Total Sales
1/1/2020    9:00 AM    John         Pen         20        $100.00 
1/1/2020    9:00 AM    John         Paper       30        $60.00 
1/1/2020    10:30 AM   Mary         Pen         20        $100.00 
1/1/2020    10:30 AM   Mary         Eraser      15        $15.00 
1/2/2020    11:00 AM   John         Pen         15        $75.00 
1/2/2020    11:00 AM   John         Paper       20        $40.00 
1/2/2020    12:30 PM   James        Pencil      10        $10.00 
1/2/2020    12:30 PM   James        Paper       40        $80.00 

转换成文本文件：

Date,Time,Salesperson,Item,Quantity,Total Sales
1/1/2020,9:00 AM,John,Pen,20,$100.00 
1/1/2020,9:00 AM,John,Paper,30,$60.00 
1/1/2020,10:30 AM,Mary,Pen,20,$100.00 
1/1/2020,10:30 AM,Mary,Eraser,15,$15.00 
1/2/2020,11:00 AM,John,Pen,15,$75.00 
1/2/2020,11:00 AM,John,Paper,20,$40.00 
1/2/2020,12:30 PM,James,Pencil,10,$10.00 
1/2/2020,12:30 PM,James,Paper,40,$80.00"
描述一款您喜欢的电子游戏，并讨论您认为这款游戏的成功之处。,"标题：我的最爱游戏之一：《宝可梦》
《宝可梦》是一款我个人非常喜欢的电子游戏，我相信这个游戏也有很多粉丝。该游戏是一种类似角色扮演游戏，让玩家扮演一位宝可梦训练师，探索虚构的世界并抓捕和训练多达800种不同类型的宝可梦。这款游戏的成功之处在于其简单易学、有趣和深刻的情感连结。","首先，该游戏的游戏规则非常简单，这使得新手也能够容易上手。但是，它也具有很多深度和可玩性，因为玩家可以发现宝可梦的不同属性和技能，再根据这些信息来鼓励训练和进一步发展。同时，游戏还有一些隐藏的部分和谜题，使得玩家能够进一步深入游戏世界。

其次，该游戏的宝可梦角色非常可爱和有趣。每个角色都有自己独特的外观、能力和故事，玩家可以通过捕捉和培育这些角色来建立深厚的联系。每次玩家捕捉了一只新的宝可梦，都会让人感到惊喜和兴奋。此外，每个地区都有不同的宝可梦和挑战，这使得玩家能够大大延长游戏时间和体验。

最后，该游戏为玩家带来了一种愉悦和情感连结，这是其他游戏不容易达到的。这些宝可梦角色与人类角色之间的情感关系是游戏的核心，每个宝可梦都有自己的个性和情感特征。无论是训练一只年幼的宝可梦，抚摸一只沮丧的宝可梦还是带着宝可梦成功战斗，都能让玩家感到无比满足和快乐。

总之，《宝可梦》是一款非常优秀的电子游戏，其简单易学，有趣和深刻的情感连结使它成为了经典。它不仅能够吸引新手，也能够给老鸟提供新的挑战和体验，我非常推荐喜欢电子游戏的朋友试玩一下。"
为下列句子提供一个同义词： "她觉得自己的新发型很漂亮。",,她认为她的新发型很迷人。
写一篇文章，介绍远古时期人类的生活方式和社会形态。,"标题：远古时期的人类
在远古时期，人类的生活方式和社会形态有很多不同之处。他们使用简单的工具和武器，从事狩猎，采集和渔业。虽然人类大多居住在小型氏族社会中，但他们也会组成更大的部落和联盟。了解这个历史时期对我们理解人类文明的演变至关重要。","远古时期的人类是指距今约25000年前至约2000年前的人类。在这段时间里，人类经历了很多的进化和变革，从猿人逐渐进化成为现代的人类。在这个历史时期中，人类的生活方式和社会形态也发生了很大的变化。

在远古时期，人类主要依靠狩猎、采集和渔业来维持生计。他们使用简单的工具和武器，如石斧、石锤、石刀等，用于狩猎和采集。对于渔业来说，人类使用简单的渔具和船只，如鱼叉、渔网、独木舟等，来捕捞海鲜。当人类开始养殖和农耕时，他们则开始使用更复杂的工具和农具，如铁锄、铁耒、镰刀等，以便更有效率地耕作。

除了生计上的问题，远古时期的人类也面临着政治和社会问题。在早期的远古时期，人类主要生活在由数十人组成的小型氏族社会中，每个氏族有自己的领袖和领土，以及简单的法律和道德准则。但随着人类的进一步演化和部落之间的交流和合作，更大的部落和联盟开始出现。这些部落和联盟有更复杂的社会结构和政治制度，有更多的社会纲领和法律。

总而言之，远古时期的人类生活在一个简单而艰苦的环境中。他们凭借自己的智慧和努力，逐渐发展出独特的文化和生活方式。虽然人类的演变始于这个时期，但这个时期对现代世界的影响仍然存在，我们能够从中学到很多。"
根据以下文本，撰写一篇关于人类视力的文章。,视力是一种神奇的感官，使我们能够看到颜色和形状。视网膜是我们视力的主要部分，它负责接收和发送信号，以实现视觉体验。然而，我们的视力还受到许多因素的影响，如遗传和环境因素。我们可以通过正确保护自己的视力和正常眼睛保健来提高自己的视力。,"视力是我们的重要感官之一，它让我们看到了这个世界的奇妙之处。但是，要保持良好的视力并不容易，因为它受到许多因素的影响。让我们探讨一下人类视力的奇妙之处。

人类的视力主要依靠眼球和视网膜。我们的眼球和视网膜是一种非常精致的结构，它们能够捕捉到我们周围的光线，并将其转化为电信号，通过神经系统传达给我们的大脑。大脑根据这些信号来识别我们眼中看到的物体，颜色和形状。

然而，我们的视力还受到遗传和环境因素的影响。许多遗传病和眼部疾病会影响我们的视力，例如白内障、斜视和青光眼等。此外，环境因素也会对我们的视力产生影响。长时间的电脑使用、读书不当姿势、缺乏维生素和暴露于紫外线辐射等，都可能对我们的视力产生不良影响。

但是，我们可以通过一些方式来保护我们的视力。例如，保持正确的坐姿和阅读距离，定期进行视力检查，戴上合适的眼镜或隐形眼镜，避免暴露于强光和紫外线辐射等。

此外，食品对于保持我们的视力也非常重要。包括富含维生素A的食品，如胡萝卜、菠菜等，可以有效保护我们的视网膜。此外，富含叶黄素和玉米黄素的食物，如花椰菜、西蓝花、番茄等，同样对于保护我们的视力具有重要意义。

总体来说，视力是一种非常神奇的感官，它使我们能够看到颜色和形状，并带给我们无尽的乐趣。虽然我们的视力受到许多因素的影响，但是我们可以通过正确的保护和维护来提高我们的视力，让我们能够更好地享受这个世界的奇妙之处。"
创建一个3分钟的介绍视频，向潜在投资者解释公司的商业模式及其成功保证。,你的公司是一家新的初创企业，因为一项创新的技术而备受关注。,"在这个即将到来的视频中，我们将向您展示我们公司的商业模式及其成功保证。我们是一家初创企业，因为一项创新的技术而引起了广泛关注。

我们的公司致力于开发可持续的能源解决方案。我们相信，未来的能源将变得更加清洁、便宜和可持续。我们的创新技术能够帮助我们实现这一愿景。

我们的商业模式是基于两个基本原则构建的。第一，我们在生产过程中采用高效的技术，从而能够减少成本、提高效率，并减少对环境的负面影响。其次，我们能够提供高质量的产品以及满足客户需求的最优质量服务。

我们的成功是建立在我们的雄心和团队的专业知识上。我们的团队由技术专家、营销专家和业务领袖组成。他们能够共同合作，为公司的成功做出贡献。

我们相信这是一次行之有效的商业模式，并且我们已经取得了可观的成功。我们已经与多个客户建立了合作关系，并获得了不少优质供应商的支持。我们公司的迅速成长和前景看好是有效的衡量标准。

在接下来的时间里，我们将继续实践我们的商业模式，创造更好的能源解决方案。我们愿意欢迎所有潜在投资者与供应商的合作，建立共同愿景实现可持续的未来。

谢谢收看我们的介绍视频。"
根据以下文本撰写一篇文章，介绍最大的鸟类之一-鸵鸟。,鸵鸟是最大的鸟类之一，也是唯一一种只有两趾的鸟。在野外，鸵鸟可以奔跑达到每小时70公里的速度，比任何其他陆地动物都要快。它们喜欢吃草和植物，最喜欢的食物是草地上的小草。鸵鸟在非洲和某些亚洲国家广泛分布。,"鸵鸟，是世界上最大的鸟类之一，也是地球上最奇怪的鸟之一。鸵鸟的名字之所以取名为“鸵鸟”，是因为在中世纪人们将它们与鸟与兔子与马混杂在一起，并聪明地给它们取名为“大地马”。

鸵鸟身体高大，高达2米，重达150公斤，长着一条粗壮的腿和胖胖的身体，喉咙上还有一颗小头和两只小耳朵。在非洲和亚洲的国家里，人们可以看到鸵鸟的身影。特别是在非洲，那里的鸵鸟数量最多，是一种非常受欢迎的高大鸟类。

鸵鸟的特点之一是只有两趾，它们另外两个趾又短又软，用来支撑它们整个身体。鸵鸟的脚掌也是很强壮的，它们可以用它们的腿站立很长时间，而且可以长时间行走，还可以奔跑。在野外中，它们可以达到每小时70公里的速度，这比其他陆地动物要快得多。

鸟是食草动物，它们喜欢吃草和植物，特别是在草地上的小草，这是它们最喜欢的食物。由于在沙漠地区食物短缺，鸵鸟可以在几天内存储大量的食物和水，在非常干旱的时间内生存。它们还吃昆虫和其他小动物的卵。

在历史上，鸵鸟是被大量捕杀的，因为人们利用它们的羽毛和肉作为食品和服饰。但是，今天人们已经开始采取措施，以保护这些非常珍贵的动物。现在，鸵鸟成为了人类喜欢的观赏动物。

总的来说，鸵鸟作为一种独特奇异的鸟类，吸引了全世界的人类的注意和好奇。如果你去旅行非洲和亚洲的某些地区，你一定会很惊奇地看到一只高大的鸵鸟在草地上自在地跑步的身影。"
描述如何组装一辆自行车。,,"组装自行车需要一定的工具和知识，以下是一些步骤：

1. 首先确保你拥有所有所需的零件和工具，这些零件应该包括车架、轮子、组件（如刹车和变速器）、齿轮组、链条和螺丝。

2. 将车架组立好，使用相应的扳手和螺丝固定

3. 连接前后轮和车架，确保轮子的位置正确，并用螺丝将它们牢固固定在车架上。

4. 安装刹车和变速器系统，这需要相应的调整和校准以确保它们能够正常工作。

5. 安装把手和鞍座，需要调整它们的高度和角度以适应骑手。

6. 安装后齿轮组和链条，确保它们正确地连接在一起并得到正确的张力。

7. 调整一些细节，如车轮的转向，刹车器的张力、齿轮组的变速机等。

8. 最后进行车辆的全面检查，特别是刹车、齿轮和其他关键部位，以确保车辆达到安全和可靠的标准。

以上步骤只是一些基本的步骤，如果您没有经验，建议您寻求资深骑行者的帮助。"
介绍一种流行的电视剧或电影，并简要描述原因。,"标题：这部电影动人心弦：《肖申克的救赎》
《肖申克的救赎》是一部1994年的电影，由蒂姆・罗宾斯和摩根・弗里曼主演，改编自斯蒂芬・金的同名小说。这部电影讲述了两个囚犯在肖申克监狱的狱中生活以及他们的越狱历程。这部电影被誉为电影历史上最伟大的电影之一，它融合了深刻的情感、幽默和智慧，使观众深感震撼。",这部电影之所以流行，是因为它蕴含着对人性的探索和深度的思考，同时也具有悬疑和惊险的元素。故事情节扣人心弦，让观众热血沸腾，内心被感动。电影中的经典台词，如“希望是件美好的事情，也许是世界上最好的事情”，“永远不要放弃希望”等，深深地感染了观众，成为了人们引以为傲和讨论的话题。总之，这部电影因其深度和精彩的故事情节而成为了经典之作，深深地刻在人们心中。
请恢复以下文件的修改日期："document1.docx",,很抱歉，由于我是一个语言模型，无法找到您所说的名称为“document1.docx”的文件并恢复其修改日期。您可以尝试从计算机回收站或备份中找回该文件，并在文件属性中更改修改日期。
请撰写一篇介绍气象学的文章，并讨论其影响和应用。,"标题：气象学：预测大气中天气变化的科学
气象学是一门旨在通过收集各种数据来预测地球大气中天气变化的学科。气象学家使用各种工具，如雷达、气压计和温度计来真实地观测气象现象以及进行长期预测。在此文章中，我们将探讨气象学对日常生活和决策制定的影响，包括对交通、航空和农业等领域的应用。","气象学对人类的生活和经济活动有着深远的影响。通过气象学的研究，人们能够更好地理解气象现象，以便更好地准备和应对不同的天气变化。

气象学在交通领域中发挥着重要的作用。预测的天气信息使交通管理者能够更好地规划路线和时间，以确保交通疏导和安全。航空公司也需要获得准确的气象数据以制定最佳的飞行计划以确保飞行安全。最近，人工智能技术已经开始应用于气象学预测，对于交通管理和航空公司制定决策提供了更准确和实时的预测数据。

气象学还对农业领域的生产和预防自然灾害有重要的作用。农场经理需要了解近期和未来的天气趋势，以制定最佳的收获和种植时间。同时，气象学家还可以为农民提供有关洪水、龙卷风和暴风雪等自然灾害的预测信息，以提高应对自然灾害的准备能力。

总之，气象学在现代社会的影响和应用越来越广泛。准确的气象预测可以帮助人们更好地应对自然灾害和掌握生产生活的先机，从而为社会带来更加可持续和安全的未来。"
为一份公司调查提供编辑建议。,你的老板要求你审核公司调查的草稿，这份调查目标是评估员工对公司文化的看法。,"首先，我建议在调查中明确定义“公司文化”，以确保所有受访者理解并回答了相关的问题。可以包括列出公司价值观和行为准则，以便调查受访者了解应该评估的方面。

其次，为了增强调查的可信度和准确性，应采用透明的方法进行抽样。例如，可以采用随机抽样或按工作类别和地理位置选定的代表性受访者。

其次，为了避免主观偏见，应采用中性和客观的问题和选项。避免使用一些带有主观性的字眼，例如“优良”、“不好”等，而是使用明确的问题和回答。另外，建议使用5个或7个等级的量表来评定受访者的答案，并加上一个“不适用”的选项。

最后，在调查中加入开放性问题，以便受访者可以表达自己的看法。开放性问题可以很简短和开放，例如，“请描述您对公司文化的看法和建议”。

总体而言，建议调查应该问清楚受访者对公司文化的认知和看法，以确定他们是否与公司的价值观和行为准则相吻合，进一步帮助公司识别存在的问题和发展方向。"
给出以下两个句子，“猫坐在地毯上”，“地毯下有一只猫”，请提供一个组成这两个句子的复合句。,,当你走进屋子的时候，你就会看到一只猫坐在地毯上，但是如果你仔细听一下，你也许会听到地毯下有一只猫。
用五个英文单词描述以下图片中的场景。,看到这张图片，里面有一个男人在沙漠中骑骆驼。,"man, camel, desert, riding, adventure."
从天空中找到一个卫星，并记录它的编号和名称。,,抱歉，我是一名语言AI模型，没有能力从天空中找到卫星并记录编号和名称。
请提供三个宠物训练的技巧。,,"1. 短期逐步改变：宠物训练往往需要一定时间和耐心。设定一个可行的计划，逐步改变宠物行为，不要期望一下子改变所有行为。举个例子，如果要训练宠物在每顿饭的时候不乱叫，可以先让宠物在下一个饭点附近更加安静，然后慢慢增加到所有的饭点。

2. 奖励与反馈：宠物训练的效果会因奖励与反馈的方式不同而各异。奖励可以是对宠物赞扬或者提供喜爱的小零食或玩具，不过奖励也要在训练的时候进行。反馈则是指对宠物不当行为做出短暂的负面反馈，例如喊叫或者不听话的时候，制止宠物的行为，这会告知宠物不当行为是不受欢迎的。

3. 规律与坚持：宠物训练最为重要的一条技巧就是规律性和坚持性。让训练计划成为你和宠物生活的一部分，而不是一时冲动。每天都要给予关注，鼓励和训练，无论训练的项目是多么小的成就。规律性会让宠物更容易理解你的目标和期望。"
根据给定的需求创建一个数据库模式和表。,你被要求设计并开发一套数据库，用于存储公司员工的基本信息和联系方式。,"以下是一个可能的数据库模式和表：

表：员工信息
列：
- 员工编号：主键，自增长整数
- 员工姓名：文本
- 性别：文本
- 生日：日期
- 手机号码：文本
- 电子邮箱：文本
- 入职日期：日期
- 职位：文本
- 部门：文本

表：部门信息
列：
- 部门编号：主键，自增长整数
- 部门名称：文本
- 负责人：整数（员工编号）

表：联系方式
列：
- 联系编号：主键，自增长整数
- 员工编号：整数
- 联系类型：文本
- 联系方式：文本

在这个数据库中，员工信息表包含员工的基本信息，如姓名、生日、联系方式等。每个员工都有唯一的员工编号。部门信息表包含公司的所有部门以及每个部门的负责人。联系方式表记录每个员工的电话号码、电子邮箱等联系方式。每个联系方式都有一个联系类型来说明它是什么类型的联系方式。 以上是一个可能的数据库模式和表，如果需要根据实际情况进行调整。"
为下一个项目制定计划，并以邮件形式向团队成员发送。,我们下一个项目的名称是“网络营销计划”，负责人是张三。团队成员有五个，他们的邮箱地址为：A、B、C、D和E。,"主题：网络营销计划项目计划

大家好，

我希望向大家简要介绍我们即将开始的下一个项目，该项目名称是“网络营销计划”，我们的项目负责人是张三。

以下是我们的项目计划：

1. 确定目标和目标受众

我们需要确定我们想要达到什么目标，以及我们的目标受众是谁。我们将与市场团队合作，他们已经开始收集数据和信息。

2. 制定策略

我们将制定网络营销策略，包括社交媒体、电子邮件和网站优化等方面。

3. 实施计划

我们将开始实施我们的计划，并跟进其执行情况。

4. 监测和评估

我们将定期监测计划执行情况，并对其成功和失败情况进行评估。这些信息将用于改进我们的策略和计划。

对于我们的团队成员，我们需要你们的帮助，我们希望在指定的时间内完成以下任务：

- A: 社交媒体管理
- B: 网站优化和SEO
- C: 电子邮件市场营销
- D: 监控和数据分析
- E: 市场研究和竞争分析

我们将根据我们的进度和需求进行沟通，并随时进行更新。请确保你们的时间表和任务分配的准确性，并在指定时间内完成分配任务。

请尽快回复，让我们知道你们同意任务分配以及时间表。

谢谢，

[你的名字]"
请解释什么是交通堵塞。,,交通堵塞指的是道路上的车辆交通量过大，导致车辆在行驶过程中出现拥堵和行进速度较慢的现象。交通堵塞通常会影响周边道路的通行情况，并会造成交通事故风险增加、燃料浪费、环境污染和驾驶者的不满和疲劳等问题。交通堵塞通常是城市化、人口增长和道路建设不足等因素的结果。
提供5个流行的英文歌曲。,,"1. ""Blinding Lights"" by The Weeknd
2. ""Levitating"" by Dua Lipa ft. DaBaby
3. ""positions"" by Ariana Grande
4. ""drivers license"" by Olivia Rodrigo
5. ""Save Your Tears"" by The Weeknd & Ariana Grande"
写一篇关于使用新技术创作数字艺术的文章。,你是一名数字艺术家，使用最新的技术来创造迷幻的艺术作品。,"在数字时代，数字艺术已经成为艺术家们创作和表现自己的一种新型表现形式。而使用最新的技术，成为数字艺术家的一大趋势。

在这个数字时代，我们可以通过计算机、数字设备等各种工具来创造出独特的艺术作品。而数字艺术最大的好处就在于它的可变性。数字艺术作品不需要实体像传统艺术品一样需要用布置于墙面，而是可以以动画、互动的形式表现。这意味着艺术家可以使用各种不同的设计工具，通过不同的创作方式创造出更加丰富多样的数字艺术作品。例如，虚拟现实、增强现实、3D打印等新技术已经被应用到数字艺术作品的创作中。

虚拟现实技术可以让我们创造一个与现实世界不同的全新的世界，并且可以与之交互。这让数字艺术家可以通过虚拟现实将受众带入到一个全新的世界中，与自己的艺术作品进行互动。例如，使用虚拟现实技术的艺术品可以在博物馆里展示，让参观者有更加丰富的观展体验。

增强现实技术可以把虚拟的图像叠加到现实世界中，这让数字艺术家可以在现实世界中加入更多的数码元素，从而增强数字艺术作品的观感效果。例如，数字艺术家可以使用增强现实技术，在现实的大型广告牌上展示自己的作品。同时，参观者也可以使用自己的手机来扫描监视器上的二维码，观看与展品相关的艺术信息。

3D打印技术有助于数字艺术家将自己的作品从虚拟空间中提取出来变成实体。这不仅可以在电视感受作品的视觉效果，更可以通过触摸展示物品来感受作品的质感和形态。 例如，数字艺术家可以在3D打印技术的帮助下将自己的虚拟作品转化为实体，打印成为可以触摸的物品。

总之，数字艺术是艺术家们探索新型表现形式的一个新型领域，新型的技术为数字艺术家提供了无限的可能，让数字艺术走向更加繁荣和发展。"
请列出和描述3种不同的音乐风格，以及您对它们的感受。,,"1. 古典音乐：古典音乐是一种源远流长的音乐风格，以交响曲和协奏曲为主要形式。它注重乐曲整体的结构和技巧，强调器乐与声乐之间的配合和对话。对我来说，古典音乐给人一种高雅、庄重的感受，带有浓厚的历史和文化积淀。

2. 摇滚音乐：摇滚音乐是上世纪50年代诞生的一种音乐风格，以电吉他、贝斯、鼓等乐器为核心，在其基础上融合了蓝调、爵士等元素。它以强烈的节奏和独特的演唱方式表现出年轻人反抗、热血和张扬的情绪。我对摇滚音乐有着很深的喜爱，因为它富有激情和动感，让人感受到音乐的力量。

3. 流行音乐：流行音乐是指当代流行的音乐风格，它以歌曲为主要形式，融合了电子、摇滚、R&B等元素。它广泛地流行于当代年轻人群中，符合时代潮流和审美趋势。对我来说，流行音乐是一种时尚和现代的代表，听起来轻松愉悦，能够带来愉悦和舒适的感受。"
编辑下列文本，删除所有的标点符号。,"“Archer, John. Little wars: a game for boys. London: Wells Gardner, Darton & Co Ltd.,1913”",Archer John Little wars a game for boys London Wells Gardner Darton  Co Ltd 1913
分析以下文本中的情绪，并生成一个与此相关的幸福的诗句。,"""他把咖啡搅拌了几分钟，沉思着自己的处境。""","情绪分析：内向、矛盾、沉思

相关的幸福的诗句：在思考中寻找答案，内心的矛盾将会解除，阳光明媚的未来等着你。"
