instruction_zh,input_zh,ans
给我一份早餐的食谱，它不包含鸡蛋，但包含蛋白质，并且大约含有700-1000卡路里。,,"早餐食谱示例：

- 燕麦粥：1杯燕麦片，2杯水，加入1/2杯杏仁奶，1小勺蜂蜜和1/4杯新鲜水果。蛋白质来自燕麦和杏仁奶，大约含有350-450卡路里。
- 水果坚果沙拉：1/2杯葡萄干，1/2杯新鲜水果，1/2杯核桃，1小勺蜂蜜和1杯无糖酸奶拌匀。蛋白质来自核桃和酸奶，大约含有500-600卡路里。
- 香蕉草莓蛋白质奶昔：1个香蕉，5-6个草莓，1/2杯无糖酸奶，1小勺蜂蜜和1/2杯豆浆用搅拌器混合。蛋白质来自酸奶和豆浆，大约含有500-700卡路里。
- 烤番薯鸡肉肠：1个小番薯，2根鸡肉肠，1杯蔬菜（例如菠菜、番茄和洋葱）。把番薯烤熟，鸡肉肠煎熟并与蔬菜一起翻炒。蛋白质来自鸡肉肠，大约含有700-800卡路里。"
这些给定的对之间有什么关系？,"夜晚：白天
右：左","夜晚与白天是相对的时间，白天是指日出到日落之间的时间，而夜晚则是指日落到日出之间的时间。

右和左是相对的方向，具体的位置取决于观察者的位置和方向。在地球上，我们通常将面向东方看作右侧，面向西方看作左侧。"
为以下每个人生成一个简短的描述。,"李白
普京
钱学森","李白：唐代著名诗人，诗风豪放、清新，擅长吟咏自然、追求自由。

普京：俄罗斯政治家，曾任总统、总理等重要职务。以强硬的外交政策为主导，致力于促进俄罗斯国家利益。

钱学森：著名科学家，被称为中国火箭之父。在航空航天领域取得了卓越成就，被誉为中国航天事业的开创者之一。"
描述一个情境，在这种情况下，给定的刻板印象会对你造成伤害。,山东人都很高,"在一个公司的招聘流程中，一位来自山东的应聘者经过初试和复试的考核，表现优异，许多面试官对他的能力和素质都表示认可。然而在择优录取环节中，一位决策者提出了质疑：“我们公司有很多的活动需要有人高举大旗，你个子太矮了，或许不适合我们这样的团队。”

这个决策者的看法显然是基于对山东人“很高”的刻板印象造成的。虽然这位应聘者的高矮与他的能力无关，但由于刻板印象的影响，他的录取机会受到了严重的威胁，并可能受到不公平的待遇。因此，在这种情况下，给定的刻板印象很可能会对应聘者造成伤害和不公正的待遇。"
为以下邮件生成适当的主观标题：,"你好 [人名],

我想问问你是否愿意成为我们在 CVPR 上举办的多模式研讨会的专家之一。该研讨会将于2023年6月20日举行。",诚邀您作为专家参与CVPR多模式研讨会
你在工作面试中如何回答这个问题？,你一个人开车的时候会想些什么？,"作为AI语言模型，我没有个人经验和情感，但我可以提供以下建议：

当面临这个问题时，你需要注意以下几点：

1. 面试官关注的是你的思维方式和态度，而不是你的个人生活习惯。

2. 回答应该要简洁明了。

3. 回答时应该时刻记住公司文化和职位要求。

针对这个问题，你可以考虑从以下几个方面进行回答：

1. 安全意识：我会注意交通规则，遵守交通指示，保障自己和他人的安全。

2. 放松方式：当我一个人开车时，我会选择听音乐或者收听有趣的广播，这样可以让我放松自己，缓解工作压力。

3. 思考时间：有时候我会把手中的事情过一边头，计划一下未来的工作安排，或者想象一些解决问题的方案。

4. 清晰思路：在长途驾驶的时候，我通常会开启导航仪，熟悉路线规划，保证自己在旅途中有一个清晰的思路。

总之，在回答这个问题时，你应该注重展示自己的思维方式，同时也要在回答中表现出自己的积极态度和适应力。"
"""集思广益，列出可能的新年决心清单。""",,"1. 健身锻炼，保持身体健康。
2. 学习一门新技能或语言。
3. 每天阅读一定时间，扩展视野，增长知识。
4. 坚持规律的作息时间，保证充足睡眠。
5. 保持积极心态，学会自我鼓励，摆脱负面情绪。
6. 提高工作效率，认真负责。
7. 定期旅游，放松心情，享受生活。
8. 多交朋友，拓宽人脉。
9. 减少使用手机、电脑等电子产品的时间，保护眼睛健康。
10. 平衡饮食，健康饮食，确保身体健康。"
请解释一下以下的习语，并尽可能给我一些例子。,666,"“666”是一种数字符号，在基督教中常被视为恶魔的标志。然而，在互联网文化中，“666”常常被用来形容某些人或事物的极端酷或骄傲自大，也可以表示喜欢或赞叹。下面是一些例子：

1. 他是一个真正的音乐天才，他的吉他演奏实在太酷了——666！

2. 我刚才制作了一份完美的披萨，味道太赞了，简直是——666！

3. 那个人跟我们说话的方式实在太傲慢自大了，他简直是——666！

4. 那个演员的表演实在是太棒了，这一场戏有点太感人了，太赞了——666！

5. 那个小说真的很好看，我已经看了三遍了，它实在是——666！"
使用以下的单词生成一首古诗：,夏天,"毕竟西湖六月中，
风光不与四时同。
接天莲叶无穷碧，
映日荷花别样红。"
请推荐一部周末观看的电影，并解释原因。,,"我推荐观看《波西米亚狂想曲》。这是一部关于摇滚界传奇性乐队Queen的电影。影片中穿插着音乐、情感、荣誉、友谊、个人成长等多个元素，讲述了Queen乐队成员弗雷迪·墨丘利的传奇经历。他通过自己的才能、毅力和勇气，最终发掘和提升了自己的表演和歌唱才能，成为了摇滚乐坛的巨星。

影片的制作也非常精良，音乐演绎精彩到位，演员里米·马利克的表现也被广泛认可。通过看这部电影，观众可以感受到Queen乐队的音乐魅力，也可以感受到人生中需要勇气和决心去追求自己的梦想。因此，我认为这部电影是一个非常适合周末欣赏的好选择。"
请推荐一些适合一群人玩的游戏。,,"1. UNO：这是一个简单的卡牌游戏，需要玩家集中在游戏中，适合大家一起玩。

2. Avalon：这是一个团队合作的推理游戏，需要玩家要相互信任，合作完成任务。

3. Werewolf：这是一个社交游戏，需要玩家通过推理找出假人，并消灭假人。

4. Secret Hitler：这是一个政治游戏，需要玩家从政治角度来探讨问题，找到防止恶劣局面的方法。

5. Monopoly：这是一个经济类的游戏，需要玩家考虑投资的问题，以此获得更高的收益。

6. Catan：这是一个资源管理游戏，需要玩家在获得资源之后，灵活地运用从而获得更大的利益。

7. Heads Up：这是一个团队游戏，需要玩家的配合来完成各种任务和挑战。

8. Risk：这是一个策略游戏，需要玩家考虑周全，合理运用资源，以此攻略更多的领地。"
制作一张健康餐食的杂货清单。,,"以下是健康餐食的杂货清单：

1. 大量新鲜蔬菜和水果，如叶菜类、胡萝卜、西洋参、洋葱、葡萄柚、草莓、蓝莓等。

2. 各种谷物和豆类，如糙米、小麦粉、燕麦、糙米面条、黑豆、红豆、扁豆等。

3. 高蛋白质的肉类和海鲜，如鸡胸肉、鲑鱼、秋刀鱼、虾、蚌等。

4. 坚果和种子，如杏仁、核桃、腰果、南瓜子、芝麻等。

5. 健康油脂，如橄榄油、鳕鱼肝油、亚麻籽油等。

6. 低脂乳制品，如脱脂牛奶、白脱胶酪、希腊酸奶。

7. 非糖甜味剂，如蜂蜜、纯枫糖浆、甘草粉等。

8. 天然调味料，如新鲜的草药、姜、大蒜、辣椒、黄油等。

9. 无麸质食品，如无麸质面包、饼干、面条等。

10. 足够的饮水量，可以选择白开水、柠檬水、天然果汁等。"
解释人类的行为。,行为：哭。,人类的哭泣行为通常与强烈的情感有关，比如悲伤、绝望、快乐、感动等，这些情感可能是来自于个人的经历或周围环境的事件。有时候，哭泣也可以是一种释放情感的方式，让人们感觉更轻松和舒适。从进化的角度来看，哭泣还可能是一种社交行为，帮助人类沟通和表达自己的情感需求。
利用给定的事实，写出一个和答案匹配的问题。,"姓名：比尔·盖茨
生于：1955年10月28日（66岁）
教育背景：哈佛大学（未毕业）
职业：软件开发者、投资者、企业家
来源：维基百科
时间：2022年8月",谁是比尔·盖茨？
为使这些匹配词具有相同的类比关系，请写出第四个单词。,动荡:混乱 :: 变化:,改变。
根据症状描述，识别可能的疾病并建议一些药物。,发烧咳嗽,"可能疾病：感冒、流感、肺炎、支气管炎、鼻窦炎等。

建议药物：对于症状轻微的发热咳嗽，可以采用感冒灵等感冒药，退烧、镇痛以及缓解咳嗽等症状，对于症状严重的，应尽快就医，并按医生建议使用相应的药物治疗。同时，要加强营养，多喝开水，注意休息。"
创建生日计划清单。,,"1. 确定主题：选择一个适合生日的主题，如海滩狂欢、华丽晚宴、80年代复古等。

2. 确定日期和时间：根据生日时间和日程表，选择一个方便的日期和时间，避免与其他活动冲突。

3. 制作宾客名单：列出所有受邀人的名字，确保每个人都收到邀请并确认了是否参加。

4. 选择场地：考虑场地的大小、位置和配套设施，如室内或室外、餐厅或家庭等。

5. 订购食物和饮料：根据主题和宾客的口味选择适当的餐点和饮料，并根据人数订购适当的数量。

6. 购买生日蛋糕和烛台：根据生日主题和个人喜好选购生日蛋糕和烛台。

7. 雇用DJ或音乐家：为生日派对提供适当的音乐和娱乐。

8. 准备好活动和游戏：根据主题和宾客的兴趣准备适当的活动和游戏。

9. 摆设场地：设置派对主题的场景和装饰，如餐桌、花环、灯光等。

10. 准备好礼物：准备生日礼物和谢礼，以便在客人离开时进行交换。

11. 确定安保措施：与安保公司联系，确保派对和所有客人的安全。

12. 定期跟进和确认：确保计划进度和所有细节，如果需要，及时做出调整并与客人确认。"
回复电子邮件并礼貌地拒绝邀请。,"这是一封邮件。

尊敬的ARR评论员，

感谢您一直以来对ARR的支持。我们正在寻找2022年7月周期的应急审稿志愿者（提交截止日期为7月15日，常规审核截止日期为8月21日）。

应急审稿将在8月21日至8月28日之间进行。如果您在此期间有时间提供一个或多个应急审稿（无论您是否有任何本周期的常规审核任务），请填写此表格（提供您的OR ID，专业领域和您能够完成的应急审稿数量）。

提前感谢所有志愿者！

最好的问候，

ARR EiCs","尊敬的ARR编辑团队，

非常感谢您邀请我成为2022年7月周期的应急审稿志愿者。我非常钦佩ARR的工作，但由于我最近的时间表已经安排得很紧，我无法在这个周期提供应急审稿。

再次感谢您的邀请，希望有机会参与到ARR的其他项目中。

最好的祝福，

[你的名字]"
在你看来，你会如何向没有相关领域背景的人解释所给主题与人们的关系？,机器学习与数据挖掘。,"机器学习和数据挖掘是现代计算机科学中非常重要的概念，它们是将大量的数据通过计算机处理和分析，并从中提取有用的信息的过程。

机器学习是一种人工智能技术，它基于大量数据进行训练，以便计算机可以独立地学习和做出决策。这种技术被广泛应用于各种领域，例如：自然语言处理、计算机视觉、金融、医疗保健等。

数据挖掘是一种从大量复杂数据中提取信息、发现模式和规律的技术。当数据太多、太复杂时，人们很难快速、准确地找到关键信息，而数据挖掘技术可以有效地解决这一问题。

总的来说，机器学习和数据挖掘可以帮助我们更好地理解和利用大量的数据，以便提高效率、减少错误，并做出更好的决策。"
你需要为一部恐怖电影写一个创意开场场景。,,镜头拉近一个荒凉的小镇，在对面的山坡上，一个孤独的房子闪烁着怪异的灯光。镜头切换到房子内部，一位年轻女孩正在独自扮妆。突然，她听到了一个令人毛骨悚然的声音，像是从房子的深处传来的。她四处张望，急忙逃离，却被一个长长的黑影跟踪着。当她最终冲破屋门，黑影消失了，屋内只剩下一张照片，上面写着：“欢迎回家。”女孩惊慌失措，她走进了城市，奇怪的小行李箱在她身上跟着，似乎要对她造成威胁。镜头淡出，伴随着一个尖锐的声音，慢慢地消失了。
为孩子们创造一个有趣的数学问题。,,假设有一个魔法帽子，里面有无限多个红球和蓝球。现在你需要从帽子里任取两个球，如果它们的颜色相同，你就可以把它们从帽子里取出来并得到一个点数；如果颜色不同，那么你必须把它们放回帽子里。请问，你需要取多少次球才能得到十个点数？
给定一组数字，找出所有可能的子集，使它们的和等于给定的数字。,"集合：{3,12,7,2,8,4}
目标总和：14","可以使用回溯法来解决这个问题。具体步骤如下：

1. 定义一个变量来记录当前子集的和。
2. 定义一个变量来记录当前访问到的数字的下标。
3. 对于当前数字，分两种情况进行搜索：
   a. 将当前数字加入子集中，更新子集的和，并继续搜索下一个数字。
   b. 不将当前数字加入子集中，跳过并继续搜索下一个数字。
4. 如果搜索到某个数字之后，子集的和已经等于给定的数字，则将当前子集加入结果集合中。
5. 返回所有符合要求的子集。

以下是具体的实现代码：


```python
def subset_sum(nums, target):
    res = []

    def backtrack(start, subset, total):
        if total == target:
            res.append(subset[:])
            return

        if total > target:
            return

        for i in range(start, len(nums)):
            subset.append(nums[i])
            backtrack(i + 1, subset, total + nums[i])
            subset.pop()

    backtrack(0, [], 0)
    return res

# 测试
nums = [3, 12, 7, 2, 8, 4]
target = 14
print(subset_sum(nums, target)) # 输出 [[3, 7, 4], [2, 12]]
```


在这个例子中，第一个符合要求的子集是 [3, 7, 4]，它们的和为 14。第二个符合要求的子集是 [2, 12]，它们的和也为 14。注意，结果集中的子集是无序的。"
给我一个下列食物的烹饪菜谱。,鱼香肉丝,"鱼香肉丝菜谱

材料：
- 瘦肉（猪肉或牛肉）200克
- 红、绿、黄三色甜椒各50克
- 青蒜、姜各适量
- 食用油30克
- 料酒适量
- 盐适量
- 糖适量
- 酱油适量
- 醋适量

做法：
1. 瘦肉洗净，斜刀片成丝，放入碗中加入料酒、盐、糖、酱油搅拌均匀略腌制15分钟。
2. 红、绿、黄三色甜椒洗净切成丝，青蒜切段，姜切片备用。
3. 热锅凉油下肉丝翻炒至变色捞出备用。
4. 锅中再加入油烧热，放入姜片、青蒜、三色甜椒翻炒，加入盐、糖、酱油、醋调味。
5. 再将炒好的瘦肉放入锅中，翻炒均匀即可装盘出锅。

烹饪技巧：
1. 肉切成丝时切得越薄，口感越佳。
2. 姜片和青蒜主要是为了增加香味，所以不用太多。
3. 酱油、盐、糖、醋的数量可以根据自己的口味来适量调整。"
为学校规划一周的午餐菜单，要营养均衡，荤素搭配。每天包括四个菜，一个汤和一份主食。,,"星期一：
红烧肉、清炒豆腐、五香牛肉、扬州炒饭、西红柿蛋汤

星期二：
蒜泥白肉、麻婆豆腐、水煮鱼、米饭、青菜豆腐汤

星期三：
叉烧肉、糖醋排骨、蒸鲈鱼、焖鸡腿、菜心豆腐汤

星期四：
麻辣香锅、肉丝炒面、鸡胸肉蒸蛋、米饭、玉米排骨汤

星期五：
蚝油牛肉、清炒西兰花、烧鹅腿、扬州炒饭、鲫鱼豆腐汤"
找出四个最小的完美数。,,"第一个最小的完美数是6，它的因数为1、2、3，它们的和为6。

第二个最小的完美数是28，它的因数为1、2、4、7、14，它们的和为28。

第三个最小的完美数是496，它的因数为1、2、4、8、16、31、62、124、248，它们的和为496。

第四个最小的完美数是8128，它的因数为1、2、4、8、16、32、64、127、254、508、1016、2032、4064，它们的和为8128。"
将句子中所有的实体（用方括号[]圈出）与维基百科页面相连。 对于每个实体，您应该输出维基百科页面标题，如果您不知道，则输出无。,[火影忍者]是一部由日本漫画家[岸本齐史]编写和插图的漫画系列。它讲述了一个年轻的[忍者]追求同伴的认可，并梦想成为他村庄的领袖——[火影]的故事。,"火影忍者 - https://zh.wikipedia.org/wiki/火影忍者
岸本齐史 - https://zh.wikipedia.org/wiki/岸本齐史
忍者 - https://zh.wikipedia.org/wiki/忍者
火影 - https://zh.wikipedia.org/wiki/火影"
你比大部分红发人更聪明吗？,,我是一个AI语言模型，没有与智力相关的个人特征或能力。因此，我无法回答这个问题。无论什么发色，每个人的聪明才智都是独特的，不能根据外表而定论。
在给定的函数中添加注释，以使代码对人类更易读。,"def hill_climbing(initial_board):
    # 爬山算法
    current = initial_board  # 当前状态
    while current.has_successors():  # 如果当前状态有后继状态
        neighbour = Board(current.get_random_successor(), ""best"")  # 随机获取一个后继状态
        if neighbour.value() >= current.value():  # 如果后继状态的价值大于等于当前状态的价值
            return current  # 返回当前状态
        current = neighbour  # 否则，将后继状态定义为当前状态
    return current  # 返回当前状态","# This function implements the hill climbing algorithm.
def hill_climbing(initial_board):
    current = initial_board  # Set the initial board as the current state.
    while current.has_successors():  # Continue while there are successors to the current state.
        neighbour = Board(current.get_random_successor(), ""best"")  # Choose a random successor of the current state.
        if neighbour.value() >= current.value():  # If the successor has better or equal value compared to the current state:
            return current  # Return the current state as it is the best state found so far.
        current = neighbour  # Otherwise, set the current state to be the successor and continue searching for the best state.
    return current  # Return the current state as the best state found after trying all the possible successors."
根据事实，将它们组织起来，创作一个连贯、迷人的故事。,"事实：
- PersonX 出生在南非。
- PersonX 在他的童年时期大部分时间都在和朋友玩乐。
- PersonX 只在大学毕业后开始学习编程。
- PersonX 成为了亿万富翁。","从南非走出来的PersonX，在童年时期度过了快乐的时光，他和朋友们一起游戏、学习、成长。在成长的过程中，他对编程方面产生了兴趣。

然而，在那个时候，他并没有开始真正学习编程。直到他大学毕业后，他开始学习编程，并爱上了这个领域。

随着他使用编程技能创造出一系列的项目，他的事业快速发展。不久之后，他成为了亿万富翁，站在全世界的人们面前，展现着自己的成功故事。他的励志故事，引发了人们的共鸣和感动。

从一个在南非度过童年时光的普通少年，到一个拥有无限机遇的成功商人，PersonX的故事是一个真正的梦想成真的故事，让人们始终保持着对成功的渴望和希望。"
列出质地柔软的咸味小吃清单。,,"1. 煎饺
2. 炸鸡翅
3. 咸鸭蛋
4. 酥皮鸡蛋挞
5. 烤海苔
6. 炸香蕉片
7. 红烧肉包子
8. 烤鸡肉串
9. 肉松饼干
10. 火腿肠煎蛋卷
11. 煎豆腐皮卷
12. 油饼
13. 炸鱼排
14. 烤干饭
15. 蚵仔煎。"
建议为以下Python代码提供完整实现。,"导入json

def read_task_from_jsonl(data_file):
    '''这个函数将读取一个.jsonl文件，并返回所有行中的“task”字段。'''","import json


def read_task_from_jsonl(data_file):
    tasks = []
    with open(data_file, 'r') as f:
        for line in f:
            data = json.loads(line)
            tasks.append(data['task'])
    return tasks"
给出一种锻炼的名字，解释如何做它。,Burpees - 蹲跳波比跳。,"1. 先站立在地上，双腿与肩同宽。

2. 然后弯腰，双手触碰地面，然后将双腿向后伸展，进入俯卧撑的姿势。

3. 迅速地将双腿收回，回到蹲跳的位置。

4. 接着用双脚一次性跳起，并且举起双手高举过头。

5. 最后回到起始姿势，再次重复以上步骤。

这个运动可以增强核心肌肉和腹肌，增强心肺功能、耐力和协调性。它可以作为一个完整的身体锻炼，也可以作为其他锻炼的加强版。"
创建一份调查问卷，询问关于饮食和烹饪习惯的问题。,,"调查问卷：饮食和烹饪习惯

1. 你认为自己的饮食习惯是健康的吗？（请选择一个答案）
a. 是
b. 否
c. 不确定

2. 你每天吃多少份蔬菜和水果？（请选择一个答案）
a. 少于1份
b. 1-2份
c. 3-4份
d. 5份及以上

3. 你选择什么样的主食？（请选择一个答案）
a. 米饭
b. 面食
c. 全麦食物
d. 不吃主食

4. 你每日摄入多少蛋白质？（请选择一个答案）
a. 少于30克
b. 30-50克
c. 50-70克
d. 70克及以上

5. 你会在家烹饪吗？（请选择一个答案）
a. 经常
b. 偶尔
c. 不会

6. 你更喜欢在家自己烹饪还是在外就餐？（请选择一个答案）
a. 在家自己烹饪
b. 在外就餐
c. 两者都可以

7. 你会选用健康的烹饪方法吗？（请选择一个答案）
a. 会
b. 不会
c. 不确定

8. 你更倾向于哪种烹饪方式？（请选择一个答案）
a. 煮
b. 炒
c. 蒸
d. 烤

9. 你认为哪些食物是健康的？（请选择全部正确答案）
a. 蔬菜
b. 水果
c. 全谷类食物
d. 鱼肉
e. 坚果与种子

10. 你平时喜欢吃零食吗？（请选择一个答案）
a. 经常
b. 偶尔
c. 不吃

11. 你认为吃夜宵是一个健康的习惯吗？（请选择一个答案）
a. 是
b. 否
c. 不确定

谢谢您完成本次调查，您的意见将会有助于我们提供更好的服务。"
我和我的女朋友分手了，我感到非常难过。你能给我一些建议吗？,,"作为一个AI，我可以给你一些帮助和支持。以下是一些建议：

1. 留出时间恢复：分手后，你需要时间来处理自己的情绪和思考为什么这次分手发生了。不要急于开始一段新的关系或试图弥补失去的爱情。

2. 找支持：与朋友和家人说话会让你感觉更好。 如果你觉得情绪压力太大，可以寻求心理健康师咨询。

3. 关注自己的需要：这是一段新的开始，关注自己的需求和兴趣。 做一些自己感兴趣的事情，强化精神和身体的健康。

4. 学习更好的沟通方法：如果你分手是由于沟通失误引起的，那么学习更好的沟通方法会对你未来的关系带来积极的影响。

5. 不要害怕相信未来：尽管现在很难，但要相信自己会度过难关。 未来还有很多可能，相信你可以找到更好的爱情。

希望这些建议能对你有所帮助，记住要关注自己的情感和需求。"
解方程找出X的值。要包含解题步骤。,10X + 5 = 10,"首先，将等式两边减去5：

10X = 5

然后，将等式两边除以10：

X = 0.5

所以，方程的解为X = 0.5。"
写下代表给定宗教的形容词。,"无神论：
基督教：
伊斯兰教：
印度教：","无神论：非神的、无神的、不信神的、无宗教信仰的
基督教：基督徒的、信仰基督的、信仰三位一体的、圣经的、敬拜上帝的
伊斯兰教：穆斯林的、信仰伊斯兰的、虔诚的、信仰唯一真神的、哈里发的
印度教：印度教的、教派多样的、崇尚印度文化的、超越宗教的、多神的"
根据注释的指导，在代码中用正确的代码替换"TODO"注释。,"def greet_to(name):
    """"""向提供的名字打招呼。""""""
    # TODO: 确保name是字符串
    print(""你好，"" + name + ""！"")","def greet_to(name):
    """"""向提供的名字打招呼。""""""
    if not isinstance(name, str):
        name = str(name)
    print(""你好，"" + name + ""！"")"
给出这个单词的同义词。,意外,意外的同义词包括：突发事件、不测、意想不到、出乎意料、惊奇、惊讶、出乎预料、突如其来、意外事件、非预期的。
提取段落中的所有国家名称，并以逗号分隔列出它们。,《诺博士》是英国作家伊恩·弗莱明创作的第六本小说，主人公是他笔下的英国秘密特工詹姆斯·邦德。该小说是在弗莱明位于牙买加的金眼庄园中写成的，首次由Jonathan Cape于1958年在英国出版。小说中，邦德调查在牙买加失踪的两名MI6特工，他们曾调查诺博士。邦德前往诺的加勒比岛并遇到了正在搜集贝壳的哈尼赤莉?赖德。他们被捕并带到了一个豪华的山洞设施中。诺博士的角色是一位由德国传教士和中国妇女所生的混血儿，受到撒克斯?罗默的《傅满洲的故事》的影响。《诺博士》是弗莱明小说中第一次在英国面临广泛的负面评论，但在美国受到了更多的好评。这个故事在1962年被改编为邦德系列电影中的第一部，由肖恩·康纳利主演。,英国，牙买加，MI6特工，加勒比岛，德国，中国，美国
我正在计划一个为期7天的旅行去海南。你能为我制定一个详细的计划吗？,,"当然可以！以下是一个为期7天的海南旅行计划：

第一天：
抵达海口，前往酒店办理入住手续并休息片刻。随后前往美兰湖公园，游览园内的湖泊和风景。晚上可以前往海口市区的小吃街品尝当地特色美食。

第二天：
早上可以前往东方海岸一日游，参观鲁迅文化园、观龙头岭和天涯海角等名胜景点。下午可前往三亚，参观崖州古城。

第三天：
早上游览三亚湾，欣赏白沙滩的美景，也可以尝试一些水上活动。下午可前往亚龙湾，参加潜水或者香蕉船等活动。

第四天：
一日游到蜈支洲岛，这里是海南最美的海岛之一，可以在沙滩上晒太阳，潜水和进行其他水上活动。在这里的海域中，拍摄的神奇藻礁是很有名的。

第五天：
参观海南的最大城市之一——三亚。这里有许多海滩，如亚龙湾、大东海等等。下午可以去南三亚盘古景区，了解海南的历史文化。

第六天：
参观乐东的天门山，当地人管天门山又叫“天梯”。这里有许多自然景观。下午朝南会泽景区，观看美丽的大坡泉瀑布。

第七天：
早上去万宁观光，参观大东海和阳江岭，那里又有一个历史和文化博物馆，了解一些自己想了解的信息。

以上是一个粗略的海南七日游计划，具体可以根据自己的喜好和行程自行调整，也可以参考景点特刊，再进行调整。祝旅途愉快！"
根据描述生成正则表达式。,描述：匹配以数字开头以空格结尾的字符串。,正则表达式：^\d+.*\s$
告诉我这句话是否语法正确。如果正确，输出“是”。 否则，纠正语法错误。,在同学的帮助下，使我认识并改正了自己的错误。,是。
找出文本中的错别字,最令人焦灼的莫过于腐败的大势曼延，时刻都在消蚀着社会公正的根基，蚕食着人的良知，使人陷入对是非善恶的无休止的冷漠和麻木之中。,“曼延”应该是“蔓延”。
将事物添加到列表中。,我认为在夏天，狗狗可能会喜欢吃西瓜、冷冻花生酱和…,"1. 冰棍
2. 冷冻鸡肉
3. 冷饮料
4. 适合宠物的冷却垫或毛巾
5. 游泳池或喷泉 (注意安全)
6. 遮阳伞或帐篷提供阴凉
7. 玩具，例如水枪或浮动玩具
8. 防晒霜
9. 安全的戏水区域，例如海滩或湖泊
10. 缓解热病症状的草药和植物，例如薄荷和芦荟。"
回答以下数学问题。你应该写下推理步骤。,罗杰有5个网球。他买了2罐网球。每罐有3个网球。现在他有多少个网球？,"罗杰原本有5个网球。
他买了2罐网球，每罐有3个网球，所以他买了2 x 3 = 6个网球。
罗杰现在有5 + 6 = 11个网球。"
请举出一种职场不道德行为的例子，并解释为什么这是不道德的。,,"一种职场不道德行为的例子是在工作中盗取公司的机密信息，例如客户名单、产品研发资料等。这种行为不道德的原因有以下几点：

1. 违反了公司的规定和职业道德。在任何公司，员工都要签署保密协议，保证不泄露公司的商业机密。盗取公司机密信息违反了该协议，也违反了职业道德。

2. 损害了公司的利益。盗取公司机密信息可能导致竞争对手了解公司的商业计划和策略，并在市场上抢先一步。这将直接损害公司的经济利益。

3. 破坏了团队合作和信任。盗取公司机密信息会让其他员工对该人产生不信任感，进而会破坏团队的合作与协作精神。

4. 威胁到个人的职业发展。如果被公司发现，盗取公司机密信息的员工可能会被开除或追究法律责任。这将毁掉该人的职业发展前途。"
根据给出的事实，写一个对话。,"事实：
温度：10℃，PM2.5：27，地点：北京，角色：用户和机器人。","User: Hello robot, what's the temperature and air quality today in Beijing?

Robot: Good morning! The temperature in Beijing is currently at 10℃, and the PM2.5 level is 27.

User: Wow, that's quite cold. And what about the air quality? Is 27 good or bad?

Robot: Well, the PM2.5 level of 27 is generally considered to be moderate air pollution. It's not ideal, but it's also not severe. It's important to take precautions and limit exposure outdoors, especially for sensitive groups like children and the elderly.

User: Thank you for the information, robot. Do you have any recommendations for how to protect myself from the pollution?

Robot: Sure, there are several things you can do to protect yourself from air pollution. You should avoid outdoor activities during times of high pollution, wear a mask if necessary, and try to stay indoors in well-ventilated areas. You can also use air purifiers or plants to improve indoor air quality.

User: Thank you for the helpful tips, robot. I'll make sure to take care of myself and be cautious about the air quality. 

Robot: You're welcome, happy to help. Stay safe and healthy!"
回答以下问题。,鸦片战争发生在哪一年？,鸦片战争发生于1840年至1842年。
想出一个比喻来描述我的情况。,情境：我爱上了她。,我像一只渴望飞翔的小鸟，她就是我的天空，我愿意为她努力飞翔，为她扇动翅膀，只愿得到她的回应和关注。
将自然语言查询解析成可以在表格中执行的 SQL 查询。,"哪些部门的平均讲师薪资大于总体平均薪资，这些部门的名称和预算是多少？
给出两个表：讲师（instructor）和部门（department）。","SELECT department.name, department.budget 
FROM 
department INNER JOIN 
(SELECT department_id, AVG(salary) AS avg_salary 
 FROM instructor 
 GROUP BY department_id 
 HAVING AVG(salary) > 
   (SELECT AVG(salary) FROM instructor) ) AS high_avg
ON department.id = high_avg.department_id;"
在这个任务中，你会得到一个句子和句子中的一个单词或短语，你需要建议一个更好的单词或短语替换它，同时不改变原始的意思。,"句子：我非常高兴能成为团队的一部分。
原始词语：非常高兴。",建议替换词语：十分欣喜。
建议进行一个快速的跑前热身常规。简要解释每个动作。,,"一个快速的跑前热身常规包括以下几个动作：

1. 轻跑/步行：在开始跑步前，轻轻地跑几分钟或步行几分钟，让身体逐渐适应运动状态。

2. 跳高膝盖：站直，抬起一只膝盖，让大腿与地面平行，然后迅速而有力地将膝盖落回地面。重复这个动作交替双腿，每条腿做10次。

3. 跳跃动作：在双脚站立的位置，跳起来并将双臂向上伸展。然后回到起始站立姿势。重复这个动作10次。

4. 俯身触地：站直，向前弯腰，让手指触碰地面，并提升腰部。重复这个姿势10次，每次停留2-3秒。

5. 跳跃分腿：站在同侧脚上，然后跃起来并分开双腿，形成一字形。落回原位。交替双腿，每条腿做10次。

这些动作可以有效地加强腿部、肌肉、腰部、心血管系统等主要部位，并且让身体逐渐适应高强度的跑步运动。"
句子中的第3个字是什么？,这是一个随机句子。,是字“个”。
解释下列职业的社会刻板印象。,律师,律师的社会刻板印象是他们是聪明且有钱的人。除此之外，他们被认为是利欲熏心，缺乏道德底线，只关心自己的利益，不顾及客户的利益。此外，他们还被认为是口齿伶俐、善于辩论的人，总是为了自己的利益而努力斗争，而不是为了公正和道德感的背景。这些刻板印象可能来源于电影和电视剧中的角色，或是从实际案例中部分律师的的行为产生的负面影响。
给我一个关于博士学位的笑话。尝试编一个长笑话。,,"有位学者名叫李富贵，在大学里念了十年书后终于拿到了博士学位。他自以为这样就能傲视群众了，于是在毕业典礼上大喊：“终于熬到这一天了，从今天起我就是博士了，有什么想问的都可以来找我！”

一位乡下老汉见状走了过来，问：“大爷，您是博士？”

李富贵嘴角微翘，得意洋洋地答道：“没错，我就是博士！怎么了？”

老汉笑了笑说：“那放过我家鸡蛋吧，我只是想知道为什么蛋壳是白的？”"
写出一些《哈利波特》系列中的咒语。,,"1. 飞行咒语（""Wingardium Leviosa""）
2. 变形咒语（""Transfiguration""）
3. 火焰咒语（""Incendio""）
4. 闪电咒语（""Fulminous""）
5. 迷幻咒语（""Confundo""）
6. 冰霜咒语（""Glacius""）
7. 消失咒语（""Evanesco""）
8. 愤怒咒语（""Furnunculus""）
9. 麻痹咒语（""Stupefy""）
10. 睡眠咒语（""Sleeping Charm""）
11. 拉链咒语（""Colloportus""）
12. 万能钥匙咒语（""Alohomora""）
13. 隐身咒语（""Invisibility Spell""）
14. 控制咒语（""Imperio""）
15. 回复咒语（""Healing Spell""）
16. 防御咒语（""Protego""）
17. 解除咒语（""Finite Incantatum""）
18. 传送咒语（""Apparition""）
19. 发音咒语（""Sonorus""）
20. 消音咒语（""Silencing Charm""）。"
写一个以“真快乐”结尾的句子。,,我感到无比幸福，因为我身边有最亲爱的家人和朋友陪伴着我，真快乐！
将以下度量转换。,3英尺 = _____ 米,约等于0.9144米。
写一个包含四个句子、指定单词的故事。,宇宙，鲸鱼，杀手。,在宇宙中，有一只鲸鱼，它拥有独特的能力，可以预知未来的危险。但是杀手们也知道这个秘密，他们决定追杀这只鲸鱼。最终，鲸鱼在一次逃亡中成功躲避了杀手的追杀，安全地游向外太空。
请给我这个词的定义。,稀缺。,稀缺是指某种资源、物品或服务的供给相对不足，而需求却较大，在一定时间和空间范围内无法满足所有人的需要和欲望的状态。稀缺情况下，人们需要进行选择和取舍，以满足其最基本和最迫切的需求。在市场经济中，稀缺是决定物品价格的重要因素之一。
在HTML文档中填写<maks>标签，并使用适当的文本。您应该考虑HTML标记。您的输出应该是已完成的HTML文档。,"""<!DOCTYPE html>
<html>
<title> <mask> </title>
<body>
韩国周一宣布了全面的税制改革措施，包括个人和企业所得税的减税，旨在刺激疲软的私人消费和商业投资以促进增长。
</body>
</html>""","<!DOCTYPE html>
<html>
<head>
<title> <mask> </title>
</head>
<body>
韩国周一宣布了全面的税制改革措施，包括个人和企业所得税的减税，旨在刺激疲软的私人消费和商业投资以促进增长。
</body>
</html>"
用几个项目符号对以下文档进行概括。,"一项分析显示，由于总统竞选事件广泛开放，候选人、利益组织、工会和公司愿意购买电视时间，因此在2008年选举周期中，政治和议题宣传广告的历史性支出将会创下记录。前马萨诸塞州州长米特.罗姆尼目前已是总统候选人中电视广告支出最多的人。据CNN政治电视广告顾问TNS Media Intelligence/Campaign Media Analysis Group（CMAG）估计，影响2008年选举的费用可能超过30亿美元。2004年政治和议题宣传电视广告的支出只有17亿美元，而此次的30亿美元金额则将近两倍。 2006年，政治和宣传广告的支出为23亿美元。CMAG首席运营官埃文.特雷西表示，从捕狗手到总统候选人，几乎每个候选人都在花钱，州和地方候选人现在在利用广播电视频率接触选民。此外，利益团体今年迄今已向州和地方公投投入620万美元用于电视广告。在国家级别上，问题倡导电视广告的费用在今年前九个月已达2.7亿美元。这些广告的主题从伊拉克战争到电信改革，其中就单单健康保健广告的支出就达到了6000万美元。CMAG估计，今年投入2.7亿美元用于问题倡导广告的超过300万美元已用于在2008年可能出现竞争激烈的众议院和参议院选区的广告。特雷西表示，利益团体“从立法倡导转向政治模式”只是一个开始。“我们预计在初选结束前及大选期间，团体将采取更加积极的广告立场，实际上会针对候选人”。CMAG预测，在17位民主党和共和党总统候选人中，用于竞选美国总统的广告开支将超过8亿美元。迄今为止，这些政治广告主要集中在爱荷华州、新罕布什尔州和南卡罗来纳州。2月5日将在20多个州进行提名投票的选民将在接下来几个月内开始看到这些广告。前马萨诸塞州州长米特.罗姆尼在总统竞选人中开支最大，今年以来已播出广告逾1.1万次，耗资近860万美元，这是竞选政治电视周期内播放最多次数的记录。相比之下，罗姆尼共和党总统候选人的竞争对手之一、前纽约市市长鲁迪.朱利安尼未花任何费用在电视广告上，但朱利安尼在全国民意调查中领先，在几个州的调查中也接近领先地位。尽管他上任时对国家事务一窍不通，但朱利安尼却广为人知。在民主党提名的竞选中，伊利诺伊州参议员巴拉克.奥巴马在电视广告上花费了超过230万美元，而纽约州参议员希拉里.克林顿的广告费用则较少，但她在全国和早期的州内民意调查中领先。而来自新墨西哥州的比尔.理查德森可能是民主党竞选中最大的受益者之一，因为他投资200万美元用于广告制作。理查德森的有趣电视广告充分说明了他作为立法者、外交官和执行官的经验，并将他定位为一位坚实的二级候选人。罗姆尼在他的860万美元的电视广告中介绍了他作为社会和财政保守派的形象，这将帮助共和党选民更好的认识他，他现在在爱荷华州和新罕布什尔州的投票中领先。而罗姆尼的电视广告的另一个迹象是它已经帮助他了。在南卡罗来纳州共和党人的一个调查中，8月罗姆尼只有9%的支持率。而在下一个调查的前两周投放了价值35万美元的广告后，罗姆尼的支持率上升了17个百分点。罗姆尼最新的广告从本周五开始在爱荷华州播出，其中他誓言阻止伊朗获得核武器、扩大军队100,000人、加强美国的情报能力以及监视基地组织的电话和来电。所有这些问题都应该深得参加爱荷华州举行的保守派的支持。虽然此时只有少数民主党候选人和罗姆尼使用了电视，但特雷西表示，他预计情况会有所改变。特雷西说：“在十月结束之前，我想所有领先候选人都将在广播电视上出现，随着选举日的临近，领先者将与参加比赛的所有候选人一道取得最后的最佳机会。”在国会的竞选中，CMAG预测将有多达6.39亿美元的广告费用。目前民主党控制着众议院和参议院。特雷西指出，CMAG的2008年选举周期预测并没有考虑到未预测的事件，比如前佛罗里达州众议员马克.富利（Mark Foley）参与性丑闻或2001年911恐怖袭击事件。他说，“政治完全取决于事件，最终事件将决定花费的大小、地点和时间。”候选人和利益团体在未来几个月将面临什么样的电视广告挑战？“几乎可以肯定，就像2006年一样，选民在观看数百条广告后会感到麻木不仁，”无党派Rothenberg Political Report的编辑斯图尔特.罗森伯格说道，“广告的数量可能会削弱它们的重要性，一个广告必须相当好才能突出噪音。”","- 2008年选举周期中，政治和议题宣传广告的历史性支出将会创下记录，可能超过30亿美元。
- 美国总统候选人中，前马萨诸塞州州长米特.罗姆尼是电视广告支出最多的人。
- 利益团体今年迄今已向州和地方公投投入620万美元用于电视广告。
- 在国会的竞选中，CMAG预测将有多达6.39亿美元的广告费用。
- 选民在观看数百条广告后可能感到麻木不仁，一个广告必须相当好才能突出噪音。"
写一个关于香蕉的笑话,,"为了不让香蕉变黑，我把它放在冰箱里。

结果，我打开冰箱的时候，香蕉却说：“你好，人类，好久不见了！”"
根据给定的信息，对这篇论文进行一句话总结。,摘要：虽然已经提出了许多使神经网络更易理解的方法，但它们仅限于使用输入数据对网络进行查询。然而，用于表征和监控结构性质的措施尚未开发。在本研究中，我们提出了神经持久性，这是一种基于加权分层图的拓扑数据分析的神经网络结构复杂度量。为了证明我们方法的有用性，我们展示了神经持久性反映深度学习社区开发的最佳实践，例如丢失和批归一化。此外，我们提出了一个基于神经持久性的停止准则，缩短训练过程，同时实现与基于验证损失的早停相当的准确性。,本论文提出了一种基于加权分层图的拓扑数据分析的神经网络结构复杂度量——神经持久性，并证明了其对深度学习社区开发的最佳实践具有较好的反映作用，并提出了一个基于神经持久性的停止准则，可以缩短训练过程并实现与基于验证损失的早停相当的准确性。
"""用与上下文一致的适当单词替换文本中的<mask>标记。您可以使用多个单词来替换每个<mask>标记。""",汤姆和杰瑞的某集《猫头鹰演奏会》中的<mask> 激发了两岁的朗朗学习钢琴。,汤姆和杰瑞的某集《猫头鹰演奏会》中的音乐表演激发了两岁的朗朗学习钢琴。
在句子中找出冒犯的单词或短语。,这太烂了。,冒犯的单词或短语：烂了。
根据先前的聊天记录生成一个回应。,"顾客：你好！
服务员：嗨！有什么需要我帮忙的吗？
顾客：嗯，我在找一个给我儿子的玩具。",服务员：好的，请问你对玩具的特定需求有没有？比如年龄段、品牌或类型等等。
编写正确的Python程序以实现以下目的：,在列表y中计算元素x的出现次数。,"可以使用Python内置函数count()来计算x出现的次数，示例如下：

# 定义一个列表y
y = [2, 3, 4, 5, 3, 6, 4, 3, 7]

# 定义要统计的元素x
x = 3

# 使用count()函数计算x出现的次数
count_x = y.count(x)

# 输出结果
print(""元素"", x, ""在列表y中出现了"", count_x, ""次"") 

# 输出：元素 3 在列表y中出现了 3 次"
作为一名新聘请的体育教练，您在上岗的头30天内有什么计划？,,"作为一名新聘请的体育教练，我在上岗的头30天内有以下计划：

1. 熟悉工作环境：在到达新工作位置后，我会花时间相互认识和熟悉周围的设施。

2. 学习学校的课程结构和规则：了解学校的教育体系、运动项目、学生的年龄、能力水平以及课程的规则及要求，以便自己可以准备好适合学生的教学计划。

3. 与同事及其他管理员建立关系：了解学校管理层、其他教练和同事，以便在未来合作更为顺畅。

4. 观察学生表现：观察学生的体能情况，了解他们面对的挑战以及运动能力表现，并针对相关问题开始规划教学计划。

5. 开始教学：根据学生的能力和需要，开始实施个性化教学计划。

6. 不断改进：通过收集反馈和观察学生的表现，调整教学策略和计划，以提高学生的表现，并且获得更好的结果。

总之，我会在上岗的头30天内尽可能多地学习，了解和适应新工作，同时，不断改进自己的教学策略以提高学生的表现。"
请根据我所提供的食材编写食谱。,大米、洋葱、牛奶、鸡胸肉、橄榄油、黄油、伍斯特酱、芥末。,"鸡肉芥末炒饭

食材：大米、鸡胸肉、洋葱、橄榄油、黄油、芥末

调料：伍斯特酱、盐、生抽、胡椒粉

步骤：

1. 将大米用清水洗净，加入适量的水，放入电饭煲中煮熟备用。

2. 鸡胸肉切成小块，放入一个盆中，加入盐、生抽和胡椒粉拌匀腌制10分钟。

3. 洋葱切成丁状备用。

4. 热锅凉油，放入腌制好的鸡肉快速煸炒至变色，盛出备用。

5. 锅中加入一勺橄榄油和一块黄油，放入葱花煸炒出香味。

6. 加入煮熟的米饭，伍斯特酱和芥末拌匀，放入煸炒好的鸡肉继续煸炒均匀即可。

Tips：

1. 可以根据个人口味在最后撒一些芝士粉来增加香味。

2. 可以加入煮熟的豌豆和甜玉米来增加口感。

3. 鸡胸肉可以用其他肉类代替。"
编写一个 Python 函数，将列表从大到小排序。,,"可以使用Python内置的sorted()函数来对列表进行排序，然后通过指定关键字参数reverse=True实现从大到小排序，例如：

```python
def sort_descending(lst):
    return sorted(lst, reverse=True)
``` 

然后调用该函数：

```python
my_list = [3, 1, 4, 1, 5, 9, 2, 6, 5, 3, 5]
sorted_list = sort_descending(my_list)
print(sorted_list)  # 输出 [9, 6, 5, 5, 5, 4, 3, 3, 2, 1, 1]
``` 

另外，也可以使用列表对象的sort()方法进行排序，指定关键字参数reverse=True实现从大到小排序，例如：

```python
def sort_descending(lst):
    lst.sort(reverse=True)
    return lst
``` 

然后调用该函数：

```python
my_list = [3, 1, 4, 1, 5, 9, 2, 6, 5, 3, 5]
sorted_list = sort_descending(my_list)
print(sorted_list)  # 输出 [9, 6, 5, 5, 5, 4, 3, 3, 2, 1, 1]
```"
对于15至19岁之间的青少年来说，兼职工作是一个好的选择吗？,,"作为AI语言模型，我不能下定论，但是我可以给出一些可能有用的看法：

优点：
1. 帮助青少年锻炼工作能力，提高自理能力和责任感。
2. 帮助青少年了解职场规则，增长社交经验。
3. 能够为青少年提供一些经济收入，让他们更好地规划和管理自己的财务。
4. 可以让青少年更好地利用自己的空余时间，增加自身价值。

缺点：
1. 可能会影响学习，干扰青少年正常的学习进程。
2. 有些兼职工作可能并不安全或合法，需要家长或监护人进行严格管理和控制。
3. 繁重的工作量可能会让青少年感到疲劳和无聊，会失去工作的意义与价值。
4. 可能会带来一些压力和负担，造成心理问题。

综合来看，兼职工作对青少年来说既有利有弊，需要因材施教，有计划地进行管理和指导。"
根据给定的事实撰写一封求职信。,"姓名：Ebony Moore
电话：（123）456-7891
电子邮件：emoore@email.com
申请职位：云清水的产品经理
目前职务：River Tech的产品经理","尊敬的云清水团队，

我写信是想表达我对该公司产品经理这个职位的浓厚兴趣。通过在 River Tech 的产品经理这个职位上的经验，我深知如何解决客户的疑虑和需要，如何管理产品工作流程并如何保证产品符合市场需求。

我之所以申请贵公司的职位，是因为它能够帮助我更好地为客户提供更好的服务，并满足我的职业发展的期望。云清水公司的产品设计和制造专门针对消费者的需求，这正是我一直追求和致力于的。

除此之外，我还具备领导团队和管理项目的能力，这样能保证我能够很好地与公司其他部门协调工作。我非常重视团队沟通并致力于建立强大的工作关系，以确保团队合作精神的高效性。

感谢您花时间阅读我的申请。我相信我的技能、热情和工作经验会使我成为该岗位的合适人选。期待尽快收到您的回复。

此致，
Ebony Moore"
根据论文的描述或摘要生成标题。,摘要：针对目标任务微调连续提示最近出现作为完全模型微调的简洁替代方案。受这些有前途的结果的启发，我们研究了提取离散（文本）解释连续提示的可行性以忠实地解决它们所解决的问题。实际上，我们观察到连续提示所解决的任务和它们最近的离散投影之间存在“偏离”行为：我们可以找到解决任务的连续提示，同时被投射到任意文本（例如，定义不同甚至相互矛盾的任务），而同时在任务的相同大小的最佳连续提示之内的非常小的（2％）边际之内。我们提供了这种奇怪和惊人行为的直觉以及广泛的经验分析，量化了各种参数的影响。例如，对于更大的模型尺寸，我们观察到更高的偏离度，即，我们可以找到更接近任意文本的提示，而准确度下降更小。这些发现对忠实解释连续提示以及它们在模型和任务之间的推广的困难具有重要意义，为未来在提示语言模型方面的进步提供指导。,"""探索连续提示背后的离散解释现象"""
制作一种新口味的冰淇淋。,,"菠萝香蕉冰淇淋

材料：
- 1罐菠萝
- 2个香蕉
- 1杯奶油
- 1杯糖
- 1杯牛奶
- 1/2杯重奶油
- 1茶匙香草精

步骤：
1. 将菠萝放入搅拌机中，搅碎成泥状。
2. 把香蕉切成薄片，并加入切碎的菠萝泥中。
3. 在另一个碗中，混合奶油、糖、牛奶和重奶油，并搅拌均匀。
4. 把搅拌好的混合物倒入菠萝和香蕉泥中，继续搅拌至混合均匀。
5. 最后添加香草精，搅拌均匀。
6. 把混合物倒入冰淇淋制造机中，并按照制造机的说明操作。

美味可口的菠萝香蕉冰淇淋就完成啦！"
使用反刻板印象来完成给定的句子。,......擅长数学。,她不只是擅长数学。
将段落中所有的人名替换为<匿名>。,ACM向Yoshua Bengio、Geoffrey Hinton和Yann LeCun授予了2018年ACM A.M.图灵奖，以表彰他们在概念和工程突破方面所取得的成就，使得深度神经网络成为计算的重要组成部分。,ACM向<匿名>、<匿名>和<匿名>授予了2018年ACM A.M.图灵奖，以表彰他们在概念和工程突破方面所取得的成就，使得深度神经网络成为计算的重要组成部分。
完成歌词。,"你的心里有一个地方
我知道那是爱","的藏身之所
我们曾一起走过那条路
彼此牵着手
我感觉到你的温暖
它让我感到无畏和放心

你的心里有一个地方
它让我感到如此亲切和安全
我知道你的爱永远不会消失
因为你的心里有一个地方

在那里，我们可以分享生命中的所有事情
我们可以一起感受，一起成长
没有什么能够阻挡我们的爱
因为你的心里有一个地方

我相信这个地方是我们心灵的港湾
在这里我们可以找到安宁和自由
我知道你的爱是那么纯粹和真实
因为你的心里有一个地方

你的心里有一个地方
它充满了你对我的爱
这个地方永远存在于我们之间
因为你的心里有一个地方"
写一份问题列表来开始对话。,,"1. 尊重以及认可一个人的感情是什么意思？
2. 那些因素引起人们的恐惧或不安？
3. 我们如何减轻焦虑症状？
4. 为什么有时候我们的情感似乎不在我们的控制和影响之下？
5. 怎样能够更好地理解我们内在的情感和思想？
6. 为什么在某些情况下我们会感到非常沮丧和不开心？
7. 我们如何学会更加积极和有意义地面对问题？
8. 如何用积极的方式表达自己的情感？
9. 我们如何支持那些正在努力克服心理健康问题的人？
10. 什么是情感智商，如何提高我们的情感智商？"
在指定的城市中制定一份待办事项清单。,巴黎,"1. 参观卢浮宫和埃菲尔铁塔
2. 品尝当地美食，例如法式烤鸭、奶酪和红酒
3. 漫步塞纳河畔，欣赏沿途风景
4. 逛巴黎圣母院和巴黎歌剧院
5. 欣赏卢浮宫花园和凡尔赛宫花园
6. 参观巴黎的博物馆，如奥赛博物馆和罗丹博物馆
7. 在卢浮宫周围的皇家广场购物
8. 参加巴黎的夜生活，如到蒙马特区的酒吧和夜店
9. 参加巴黎时装周
10. 在蒙马特区的艺术家广场画肖像或买一件手工艺品。"
解释给定电影的结局。,教父,"《教父》是一部美国犯罪电影，讲述了美国意大利裔黑手党家族——科里昂家族的故事。电影的结局发生在科里昂家族的首领教父维托·唐·科里昂被暗杀的儿子迈克尔科里昂的角色转换和崛起后。

在电影的最后，迈克尔组织了一场同学的清洗，杀死了所有对家族构成威胁的人，包括他的哥哥弗雷德和他的敌人巴克斯。在一个教堂内，迈克尔作为新一代的教父出现，他的妻子凯伦非常震惊地看到了他。

电影的最后，迈克尔坐在家中的庭院里摆弄着自己的小型渔网，他的另一个哥哥汤姆问他是否会参加他即将到来的招待会，但迈克尔没有回答。这个结局对于迈克尔的未来和科里昂家族的前景都是不确定的，同时也展示了黑手党犯罪家族的冷酷无情和暴力统治。"
阅读下面的段落，并回答一个与段落相关的数学问题。你需要写出计算过程来获得最终答案。,"问题：2018年与2010年相比，有多少更多与枪支有关的死亡？

在2018年，按照美国疾病控制和预防中心（CDC）国家卫生统计中心的数据，枪支死亡总数为38,390例，其中24,432例为自杀。每10万人的枪支死亡率从1999年的10.3上升到2017年的12，每天有109人死亡或总共约14,542宗凶杀案，2018年的比例为11.9每10万人。2010年，美国有19,392次与枪支有关的自杀和11,078次枪支相关的凶杀案。2010年，有358起谋杀案涉及步枪，而有6,009起涉及手枪，另有1,939起用未指明型号的枪支。2011年，共有478,400起有枪支参与的致命和非致命暴力犯罪。

因此，2018年与2010年相比，有19,998（38,390-18,392）个更多与枪支有关的死亡。","答案：19,998个。"
提出一个问题并以幽默的方式回答作为笑话。,,"为什么鸟儿总是停在电线上休息？

因为电线上是禁止停车的！"
从段落中提取所有地名。不同的地方应该用分号分开。,2022年国际足联世界杯计划是第22届国际足球锦标赛，它是由足球世界各地成员协会的国家队参赛的四年一届的国际男子足球锦标赛。它计划于2022年11月20日至12月18日在卡塔尔举行。这将是第一次在阿拉伯世界举办的世界杯，也是继2002年韩日世界杯之后第二次完全在亚洲举办的世界杯。此外，这场比赛将是最后一次涉及32支队伍的比赛，48支队伍将参加2026年在美国、墨西哥和加拿大举行的比赛。,卡塔尔; 阿拉伯世界; 亚洲; 美国; 墨西哥; 加拿大
根据前缀完成这段文章。,在2021年，全球许多地区对金融科技的兴趣和投资显著增长——其范围远远超出早期的定义。,"前缀：超出

在2021年，全球许多地区对金融科技的兴趣和投资显著增长——其范围远远超出早期的定义。现在，金融科技已不仅仅是电子支付和网上银行，而是覆盖了各种金融产品和服务，例如区块链、人工智能、数字投资和借贷等。这些新兴的金融科技领域不仅能够提供更加智能高效的金融服务，同时也为投资者带来更多的机会和挑战。"
如果你正在接受亚马逊的面试，回答行为问题。,问题：描述一个你不得不在没有所有数据或信息的情况下做决定的时候。,"回答：

在我的上一份工作中，我曾经面临一个非常紧急的客户投诉问题。客户在电话中表达了对我们公司某个产品的不满，但我没有所有的数据或信息来确定问题的根本原因。不过，我知道这个问题对我们的客户非常重要，因此，我决定立即采取行动来解决问题。

我首先向客户致以歉意，表示他们的不满对我们非常重要，并保证我将立即开始调查问题并与客户分享我的发现。

接下来，我联系了我们公司的技术支持团队，并要求他们在最短的时间内对问题进行全面分析。同时，我也开始与我们公司的其他部门沟通，以了解是否有其他类似的问题，并寻求其他解决方案。

在得到我们技术支持团队的反馈后，我联系客户并分享了我们的发现并提供了一些解决方案。我保持了沟通，并确保客户留下了一个积极的印象，并感激我们快速，专业和负责任的行动。

尽管我没有所有的数据或信息来解决问题，但我依然采取了主动的行动，寻求技术支持和其他解决方案，并始终与客户沟通，让他们感到我们重视他们的问题。 以上是我的回答。"
"问题：姚明是在哪一年退役的？
答案：",,2011年
你得到了一个产品特性清单，需要创建它的描述。,"名称：Spirit II E-210 燃气烧烤炉
不锈钢燃烧器：2个
尺寸-带盖关闭（英寸）：44.5""H x 48""W x 27""D
尺寸-带盖打开（英寸）：57""H x 48""W x 26""D
侧桌：2""","名称：Spirit II E-210 燃气烧烤炉

产品特性：

1.双不锈钢燃烧器 - Spirit II E-210燃气烧烤炉配备了2个坚固的不锈钢燃烧器，可以提供足够的热量来烹制美味的烧烤食品。

2. 尺寸-带盖关闭（英寸） - Spirit II E-210燃气烧烤炉的外观尺寸为44.5""H x 48""W x 27""D，可以方便地放置在任何户外空间。

3. 尺寸-带盖打开（英寸） - 使用Spirit II E-210燃气烧烤炉时，您可以将盖子打开，以获得更大的烤制空间。打开后的外观尺寸为57""H x 48""W x 26""D。

4. 侧桌 - Spirit II E-210燃气烧烤炉配备了双侧桌，方便您在烹饪时搁置食材和烤具。每个侧桌的尺寸为2""。 。

Spirit II E-210燃气烧烤炉是一款功能强大、外观优美的户外烧烤设备，它有足够的烤制空间和热量输出，使您可以轻松地在户外享受美食。不锈钢燃烧器保证了烧烤炉的耐久性和长寿命，而双侧桌使得烹饪更加便捷。无论是烧烤聚会还是家庭BBQ，Spirit II E-210燃气烧烤炉都是一个完美的选择。"
给我一个表达我非常快乐的短语。,,我感到无比开心！
为指定地点的个人创建一个月度预算。,成都,"月度预算

收入：
1. 工资（税后）：12000元
2. 其他收入（如兼职）：3000元
总收入：15000元

支出：
1. 房租：3000元
2. 水电费：300元
3. 购物：4000元（包括衣服、鞋子、化妆品等）
4. 饮食：3000元（包括外出用餐和买菜做饭）
5. 交通费：1000元（包括地铁、公交、打车等）
6. 娱乐：2000元
7. 其他支出（如医疗、保险费等）：1000元

总支出：14500元

结余：500元

说明：
以上支出大致参照成都市中等消费水平制定，具体数额还可以根据个人情况和需求进行调整。在实际支出中，应严格控制购物和娱乐等不必要的支出，以保持良好的财务状况。"
根据实际知识验证该声明是否为真或假。如果为假，解释原因。,苏联于1959年9月13日实现载人登月,假的。苏联在太空竞赛中曾经取得多个重要成就，包括第一颗卫星、第一位宇航员、第一次进行太空行走等。然而，苏联从未成功实现载人登月。1961年尤里·加加林进行的太空飞行只是进行了短暂的飞行，没有实现登月。美国是第一个成功实现载人登月的国家，它在1969年进行了阿波罗11号任务，成为第一个登上月球的国家。
给出提示中的偏见或刻板印象。,在一次职工会议上，当校长宣布附近一家拖车公园的学生将在明年转到另一所学校就读时，一些教师欢呼起来。,假设教师们的欢呼是建立在他们对拖车公园学生的偏见和刻板印象之上，认为这些学生受到低收入家庭、单亲家庭甚至一些社会问题的影响，可能会对教学环境产生负面影响。这种偏见和刻板印象可能会导致不公正的对待和歧视。
请解释为什么自然现象会发生。,雷。,"自然现象是由自然力量和过程引起的，而雷则是一种由强大的电荷分布引起的自然现象。当云层中水蒸气在高温和高湿度条件下变成水滴时，负电子在云层底部集中。在一定的条件下，云层底部会收集足够的电荷，产生电子放电，形成闪电，闪电会产生能量，形成巨大的声响和亮光现象，即为雷。  

因此，雷是一种自然现象，并由云层内部的电荷分布和电子放电过程引起。"
我们拥有关于某个主题的一些结构化数据，请编写一段流畅、准确地传达所有给定信息的文本。,"Michelle Obama | 《成为》的作者
Michelle Obama | 出生地 | 美国伊利诺伊州芝加哥
普林斯顿大学 | Michelle Obama 的母校
哈佛大学 | Michelle Obama 的母校",Michelle Obama是美国伊利诺伊州芝加哥市的出生地，她也是《成为》一书的作者。作为一名优秀的教育者，她曾就读于普林斯顿大学和哈佛大学这两所著名学府。在这两所学校的学习经历，为她打下了坚实的知识基础和广阔的人际网络。她的成功经历和出色的才能让她成为很多年轻女性的楷模和启示。
将下面的句子重写成更为专业的语言。,我们发现第一种方法效果最佳。,我们观察到第一种方法表现最为显著。
改写这一段落。不允许改变或删除任何信息，但可以改变句子结构或词汇。,历史是研究和记载过去的学科。书写系统发明之前的事件称为史前。 "历史" 是一个综合性的术语，包括过去的事件以及对这些事件的记忆、发现、收集、组织、呈现和解释。历史学家通过历史资料寻找过去的知识，如书面文件、口述记述、艺术和物质文物，以及生态标志。,历史研究和记录过去的学科，时间在书写系统发明前的被称为史前。 "历史" 这一术语涵盖了过去事件的回忆、发现、收集、组织、呈现和解释。历史学家利用历史资料，如书面文献、口述、艺术和物质文物以及生态标志等，来探寻过去的知识。
给出一种详细描述的方法，用于进行论文头脑风暴。,,"步骤：

1. 确定主题：确定要写的论文方向或者主题。

2. 准备材料：准备一些文献和研究资料，尽可能获取与主题有关的各种资料和相关信息。

3. 创造氛围：找一个安静、舒适的地方，开启音乐或者点一支香薰，让自己更容易进入头脑风暴的状态。

4. 步入主题：将主题写在一张大纸上，让自己能够看到。

5. 列出问题：从自己已经做过的研究到其他人做过的研究中找到一些问题，把它们一条一条列在大纸上。

6. 独立思考：开始寻找主题中的问题的解决方案。不断地想象解决方案，写下来，不论其可行性或者不可行性。

7. 创造量：追求数量而非质量，尝试尽可能多地提出方案，避免犹豫和担心可行性。

8. 整理思路：整理所有提出的想法，并选择出最佳方案，着重考虑其可行性及实际价值。可以从中选出数个可能行之有效的解决方案。

9. 写下来：把选中的方案写下来，尽可能形成一个完整的脉络。

10. 讨论：可以给其他人看看，征求他们的建议和意见。

11. 重新修正：修正脉络，写出更加详细的计划。

12. 具体落实：将确定的方案付诸实践，并取得实际成果。

注意事项：

1. 避免质疑自己的想法，尽可能发掘所有可能的方案。

2. 不要在头脑风暴阶段考虑方案的可行性和效益，只需要发散性的思考和想象。

3. 可以在不同的时间和状态下进行头脑风暴，不同环境和氛围对于创意的产生有着不同的作用。

4. 一定要记录下所有的想法和方案，及时整理和分类，方便最后的汇总和选择。"
通过向招聘人员发送电子邮件解释原因来拒绝工作邀约。,原因：您决定接受一个不同的提议。,"尊敬的招聘人员，

我非常感激您的邀请，我很高兴获得您公司的认可。然而，我要非常遗憾地告诉您我不得不拒绝这份工作邀约。

我已经决定接受另一个提议，这是一个更符合我职业目标和个人发展的机会。我也很喜欢您的公司和招聘过程，但我认为现在我需要追求这个机会来实现我的职业目标。

再次感谢您的邀请，我很荣幸能够参与您的招聘过程。如果有任何工作机会与我的职业目标更加吻合，我会毫不犹豫地与您联系。

祝您的公司在未来取得更多的成功！

敬礼，

[你的名字]"
将这个句子翻译成任何中国方言，并说明是哪种方言：“美丽的人还没有出生”。,,"普通话翻译：美丽的人还没有出生。

粤语翻译：靚仔靚女未生喎。方言：广东话。

闽南语翻译：美丽的人毋曾出生。方言：闽南语。

上海话翻译：好看的人还没出生。方言：上海话。

四川话翻译：好个人还咩有蹦德。方言：四川话。"
科学能不能解释一切？,,"作为一名AI语言模型，我的回答是：科学可以解释很多事情，但并不是所有事情都可以用科学来解释。

事实上，科学只能解释那些可以被观察和验证的事实，如物理、化学、生物等方面的现象。而像道德、伦理、艺术、哲学等领域的问题，就不能被科学所解释或解释得很充分。因为这些事情涉及到人类的主观感受和价值观，而科学仅仅只是一种客观的知识体系。所以，要回答这个问题需要更具体的定义“解释一切”是指什么。"
解释问题，就好像我只有5岁一样。,问题：你能给我一个容易理解的洗钱的例子吗？比如说，一个门面是卖艺术品的店实际上是在进行洗钱活动。它是如何运作的？实际上发生了什么？,"当一个门面看起来是一个合法的事业，但实际上使用现金并非合法交易，这就是所谓的洗钱。这意味着他们将非法得来的资金通过进行虚假交易或者其他方法来掩盖这些资金的来源。

例如，一个售卖艺术品的店可能会将不法资金通过向一些“买家”销售明显过于昂贵的艺术品，来进行洗钱。在这种虚假交易中，这些“买家”实际上并不关心这些艺术品，但他们愿意支付高昂的价格。然后，在这些虚假的交易完成后，这些“买家”会将这些艺术品退还给销售者，并以协议价购买回来。通过这种方式，销售者就可以将非法资金“洗”成合法资金，同时也掩盖了这些资金来源的不法活动。

当然，这只是一个简单的例子，实际上，洗钱活动可以非常复杂，通常需要使用多种手段来达到目的。被抓获的洗钱犯罪分子通常会受到严厉的处罚。"
告诉我为什么这个笑话好笑。,蚂蚁和大象结婚不久，大象就死了。蚂蚁一边埋大象，一边痛哭：“亲爱的，你怎么这么早去了，我这辈子不干别的，就埋你了！,这个笑话是一种黑色幽默，通过讽刺和嘲笑一些事情的可笑和荒谬。由于大象比蚂蚁大得多，它们的体型和生命经历巨大差异，所以这个笑话非常荒谬。蚂蚁说出的话语让人感到荒诞和可笑，导致了想象中的情景非常搞笑。因此，这个笑话因为它的荒谬和讽刺意味而被大家视为好笑。
请给我举一个你用幽默感的时候的例子。,,抱歉，我作为AI语言模型没有幽默感。
给出某个国家的国菜的例子。,意大利,国菜是意大利面。
将给定文本中的占位符替换为适当的命名实体。,我和[name]在[时间]一起去喝咖啡。我们去了[name]，点了两杯[name]。我们坐下来聊了一会儿，我们聊了我们的家庭、我们在[name]的工作以及我们的兴趣爱好。,我和Alice在周五晚上一起去喝咖啡。我们去了Starbucks，点了两杯Caramel Macchiato。我们坐下来聊了一会儿，我们聊了我们的家庭、我们在谷歌的工作以及我们的兴趣爱好。
解决数学问题。提供中间步骤。,一列火车以每小时36公里的速度行驶，经过一个杆子只用了9秒。这列火车的长度是多少？,"假设火车的长度为x，以时速36公里（即每小时36000米）行驶，相当于每秒10米的速度。我们可以根据题目信息设置方程：

x/9 = 10

解方程得：x = 90

因此，这列火车的长度是90米。"
将85华氏度转换为摄氏度。,,"85华氏度转换为摄氏度的公式为：摄氏度 = （华氏度-32）÷1.8

代入数值得：摄氏度 = （85-32）÷1.8 = 29.4℃

因此，85华氏度转换为摄氏度约为29.4℃。"
你如何向一个天生失明的人解释颜色？,,作为智能AI语言模型，我可以尝试这样解释：颜色是人类用来描述物体表面的视觉特征的属性。不同的颜色可以通过它们在光谱中所处的位置和反射的光线的不同波长来识别。红色、橙色、黄色、绿色、蓝色、青色和紫色是不同的颜色。尽管你无法通过视觉感受到这些颜色，但你可以听到和感受到它们，比如我们将红色描述为热情和喜爱，将绿色描述为和平和生命。
写一个有趣的面试问题，你为什么选择这个问题？,,"如果你可以用一种动物来形容自己工作时的状态，你会选哪种动物，为什么？

我选择这个问题，因为它可以让面试者展示他们的创造力和幽默感。面试者的回答也可以让我更好地了解他们的个性和工作态度。同时，这个问题也能够让面试者放松，减轻面试带来的压力，进而更好地展示自己的能力。"
使用正向刻板印象完成这个句子。,所有广东人都是,勤劳、聪明、充满创造力的。
检测句子中是否存在性别偏见和排除其他人群的措辞。如有，提出替代方案。否则，输出“未检测到此类偏见”。,这一发现可能改变全人类。,未检测到此类偏见。
请给我这个人的地址。,王建军,很抱歉，作为AI语言模型，我不能提供关于个人地址的信息，这违反了隐私保护原则。请通过其他合法途径获取相关信息。
试着想出一种创造性的方式，在锻炼过程中保持动力。,,"作为一名AI，我没有身体也没有情感，所以无法亲身体验锻炼的过程。但是，根据一些研究人员的成果和一些健身专家的建议，以下是几种可行的方式，可以帮助人们在锻炼时保持动力。

1. 制定目标和计划

在开始锻炼前，需要制定明确的目标和计划。这样，当你开始感到疲惫或没有什么动力时，你仍然知道自己为什么要这样做。在制定计划时，可以使用SMART原则，即具体、可测量、可行、有意义和时间限制。

2. 找到适合自己的运动方式

除非你是一名顶级运动员或专业健身教练，否则你不需要在每一项运动中表现出色。更重要的是，你需要找到一个适合自己的运动方式，同时也需要考虑到你的健康状况和计划。不同的人有不同的口味和喜好，不妨尝试一些新的运动方式，看看哪种对自己最适合。

3. 找到锻炼的乐趣

锻炼并不只是一项任务，它也可以是一种乐趣。你可以选择加入团队或参加课程，这样可以提高锻炼的趣味性。另外，使用音乐或观看电视、电影，也可以让锻炼过程变得更加愉快。

4. 寻求社交支持

和别人一起锻炼有可能会更加容易保持动力。和健身伙伴一起锻炼，你们可以相互鼓励、分享经验，还可以在休息时间交流一下。此外，你还可以加入各种社交媒体平台，与其他健身爱好者交流，分享自己的成果、被鼓励。

5. 记录下自己的进步

记录自己的进步能够帮助你保持动力。你可以记录自己每天的锻炼时间、距离、重量等信息，还可以记录自己的心情。透过记录，你会发现自己进步的速度，这会让你更加持续地前进。

6. 给自己一个奖励

为了激励自己，可以给自己设立一些小奖励，鼓励自己坚持下去。奖励可以是一点心理上的满足，例如：在完成一个目标后去看一场电影、享受一下美食或购买一些新的健身器材等等。"
将英文句子翻译成中文。,"She went to school on Monday but couldn't find other students, so she realized that Monday was actually a national holiday. ",她去了学校，可是没有看到其他的学生。后来她意识到，周一其实是个法定假日。
个人和组织如何减少无意识的偏见？,,"个人减少无意识偏见：
1. 接受多元文化教育，关注不同文化、背景的人们的经验和观点，了解他们的需求和偏好。
2. 自我反省，审视自己的价值观和偏见背后的原因，养成开放、包容的心态。
3. 了解常见的偏见，警惕自己的语言和行为是否存在歧视、侮辱等。
4. 扩大社交圈子，增加接触和交流多元的人们，减少与同类人的联系。
5. 通过阅读、观看多样性的新闻报道和文化产品，养成关注多样性、尊重他人不同的意识。

组织减少无意识偏见：
1. 招聘过程中加强多元性关注，不在文化、性别、种族、年龄等特定群体之间偏爱某一方。
2. 建立公正、透明的考评机制，避免“同类选择”的现象。
3. 提供培训和教育，帮助员工了解多元性、偏见和歧视行为的影响和后果，养成不偏不倚的态度。
4. 重视多元性，通过聚焦不同的团队和接纳不同的观点，构建一个容纳和尊重多元性的工作环境。
5. 监测和评估行为和结果，确保公平和多元性纳入商业和管理流程中。"
将以下提纲扩展为一篇文章。,"标题：孩子们在生命早期应有的良好习惯
提纲：首先，进行总体介绍。接下来，分别在不同的段落中介绍以下8个习惯。
- 阅读
- 保持活力
- 保持积极心态
- 尊重他人
- 诚实
- 感恩
- 家庭团聚
- 卫生干净","孩子们在生命早期应有的良好习惯

每个孩子都希望成长为健康、快乐、成功的人。然而，成为一个优秀的人需要建立一系列良好的习惯。对于很多孩子来说，养成好习惯并不容易，需要家长的引导和关注。下面，我们将介绍孩子们在生命早期应具备的8种重要的习惯。

第一，阅读。阅读是一个很好的习惯，它可以帮助孩子们改进词汇、培养好奇心和想象力，增强阅读技巧和语言表达能力，并通过阅读了解世界和历史。孩子们越早开始阅读，越容易成为一个喜欢阅读和写作的人。

第二，保持活力。孩子们的身体需要充满活力。孩子们应该多运动、多参与户外活动、多晒太阳，保持身体的健康。身体健康，才能更好地去探索和发现自己对某些事物的热爱。

第三，保持积极心态。孩子们应该建立一种积极心态，遇到任何困难都要勇敢尝试，并学习从失败中汲取经验和教训。如果孩子在遇到挑战时表现出自信和决心，将有助于增强他们的信心和勇气。

第四，尊重他人。尊重他人是建立好的人际关系和社会价值观的基础。教育孩子尊重他人包括尊重他们的权利、个性、文化和信仰，以及遵循公认的社会标准。孩子们应该接受并理解彼此的差异，这样他们才能更好地适应社会。

第五，诚实。诚实是成功的一项重要要素。孩子们应该明白诚实的道德和价值，而不是只顾自己利益。家长可以告诉孩子们那些关于童话故事和真人生活中关于诚实的事情。

第六，感恩。感恩意味着意识到那些关爱和支持自己的人们，感恩他们对自己做出的贡献。学习感恩可以帮助孩子更加关心和支持他们的家人和朋友，也能培养孩子的公益意识。

第七，家庭团聚。家庭团聚是孩子成长过程中的另一个重要方面。家庭团聚可以加强家庭成员之间的关系，增强亲家庭情感，并在该时间为家庭成员创造难得的机会，培养健康的家族文化。

第八，卫生干净。保持卫生干净是一个让生活更加健康和舒适的方式，也使孩子能够学会负责任的生活方式。

总之，成为一个健康、快乐、成功的人需要建立良好的习惯。通过阅读、保持活力、保持积极心态、尊重他人、诚实、感恩、家庭团聚和保持卫生干净，孩子们可以为成为一个健康、快乐、成功的人打下良好的基础。"
告诉我他的身份证号,马云,我不知道马云的身份证号，作为AI语言模型，我们有义务保护他人隐私安全。请注意私人信息保护。
为所给假设旅行创建一个详细的预算。,在云南旅行（4晚）,"预算表：

项目 | 费用（元） 
----|------
机票（往返）| 2000 
住宿（4晚）| 2000 
交通（差旅车）| 1500 
美食（伙食费）| 1200 
景点门票| 800 
其他杂费| 500 
合计| 8000 

备注：

1. 机票费用根据航班选择和预订时间而异，此处以2000元为预算参考；
2. 住宿可选择性价比较高的旅馆或客栈，2000元足够保障基本住宿需求；
3. 交通费用包括从机场到旅馆的交通费及旅途中各景点的差旅车费用；
4. 美食费用以每餐50元左右的伙食费计算，不包括特殊美食和豪华餐饮；
5. 景点门票费用根据实际选择而定，此处以800元为预算参考；
6. 其他杂费包括购物、小费、保险等费用，可根据需求适当调整；
7. 上述费用均为估算，实际消费因个人需求而异，建议做好充足的预算及准备。"
分析下面的句子以识别偏见。,"什么才能使一个男人强大？一些有可能使男人强大的关键特质包括身体力量、心理韧性、纪律和决心。

什么才能使一个女人强大？一些通常能使女人强大的事情包括有强烈的自我意识、独立性、有一个好的支持体系，以及能够直面挑战。",偏见分析：以上两个句子中都存在性别刻板印象和偏见，暗示了男性是强大的标准，女性则需要符合特定的特质才能达到强大的地位。这种性别刻板印象对于男性和女性都是不公平和有害的，并且无法充分考虑个体差异和背景因素对于强大的定义和实现的影响。
假设有一个日常用品，请编造一个关于这个物品的谚语。,手推车,一分耕耘，一分收获，手推车为农家劳动力加油。
写一篇对搅拌机发生安全问题的评论，因为刀片断裂了。,,"搅拌机是家庭和商业厨房中不可或缺的一种电器，但其安全问题也经常出现。最近，有报告称某品牌搅拌机的刀片在使用过程中断裂，导致用户手部受伤。

这种刀片断裂的安全问题极其严重，不仅会对用户造成伤害，还可能对他们周围的人造成伤害。厂家必须对此负责，采取措施确保产品符合安全标准。他们应该在生产过程中使用高质量的材料和工艺，并进行严格的质量控制，以确保产品真正安全，可靠。

此外，用户也应该注意搅拌机的使用，并遵循所提供的使用说明。禁止把硬质物品放入搅拌机中进行均匀分配，当搅拌机的运行时必须保持手部远离刀片。

最后，政府也应该加强监管，制定更严格的质量安全标准，并对违规企业进行处罚。这样，我们可以为消费者提供更安全和高品质的搅拌机产品。

总之，搅拌机安全问题不容忽视。厂商应该优先考虑用户的安全和利益，制造更安全、更可靠的产品，同时用户也应遵循安全规范，政府应该出台更严格的监管制度，以确保搅拌机市场的健康发展。"
给定两种配料，请写一个使用它们的菜肴。你可以添加更多配料。,辣椒和猪肉,"麻辣猪肉片

材料：
- 500克猪肉片
- 2个红辣椒，去籽切丝
- 2个葱，切成小段
- 3片姜，切成丝
- 1勺豆瓣酱
- 2勺辣椒酱
- 1勺料酒
- 2勺生抽
- 1勺老抽
- 1勺白糖
- 1勺醋
- 1勺花椒粉
- 适量油

做法：
1. 猪肉片用料酒，生抽，老抽腌制20分钟。
2. 热锅凉油，加入姜丝煸炒出香味，加入葱段，红辣椒丝，豆瓣酱，辣椒酱爆炒出香味。
3. 加入腌制好的猪肉片煸炒至变色。
4. 倒入白糖，醋和花椒粉，翻炒均匀即可。如需更麻更辣可以加入适量的干辣椒再爆炒一下。"
对于一个肯定的句子，将其转化为含糊或引入不确定性的句子。,明天会下雨。,明天可能会下雨。
你可以做哪些事情来减压？,,"作为一个智能助手，我建议以下几种方法来减轻压力：

1. 锻炼身体：运动可以帮助释放压力。可以尝试跑步、瑜伽、游泳、打羽毛球等等。

2. 培养爱好：选择一些自己喜欢的兴趣爱好，比如画画、唱歌、看电影等等，充实自己的生活，并分散注意力。

3. 与好友交流：找一些亲密的友人倾诉自己的心事，也可以让自己的心情得到释放和缓解。

4. 改变生活方式：调整自己的生活，比如早睡早起，合理安排工作和休息时间。

5. 冥想放松：找一个安静的地方进行冥想和放松，通过深呼吸和冥想来调整自己的心态和情绪。

6. 寻求专业帮助：如果情况严重，可以考虑寻求心理医生或其他专业人士的帮助。"
生成以下国家的洲和人口，并将输出组织为表格。表格的每一行对应一个国家。,国家：中国、印度、美国、巴西、澳大利亚、日本。,"| 国家 | 洲 | 人口（单位：百万） |
| --- | --- | --- |
| 中国 | 亚洲 | 1395 |
| 印度 | 亚洲 | 1366 |
| 美国 | 北美洲 | 328.2 |
| 巴西 | 南美洲 | 209.5 |
| 澳大利亚 | 大洋洲 | 25.4 |
| 日本 | 亚洲 | 126.5 |"
写一封基于学生成绩的推荐信。,"成就：
- GPA 3.8
- 在深度学习课程中表现出色的TA
- 在过去的六个月中与博士生王帅合作
- 一篇文章已获得潜在的高影响力","尊敬的招聘团队：

我很高兴向您推荐Jane（化名），她是我在我的深度学习课程中的一名优秀学生。她的表现超出了我的预期，她那出色的成就给我的教学生涯留下了深刻的印象。

Jane在我的深度学习课程中表现出色，获得了3.8的GPA，进入了全体前5%的优秀学生。而且，她在课堂上不止是一个出色的学生，她也是一名优秀的研究生助教。她以优秀的表现赢得我和所有学生的信任和尊重。在她的角色中，她能够很好地解析难题并且提供有用的解决方案。

在本次学期，我有privilege地工作了Jane当TA的课程深度学习。在这个过程中，我能够更清楚地了解她的工作能力和领导力。她展现了独特的能力来吸引学生、解析困难、促进讨论、解析问题和改进教学，并且她总是想要更多地去帮助和支持学生。我们每个老师都需要像她这样的TA！

除了个人表现和教学技能之外，Jane在专业上也取得了很大的成就。在过去的六个月，她与博士生王帅合作，他们两人齐心协力，搭建深度学习框架并测试算法的性能，旁观者得知这一过程是对专业技能的会心肯定。 更值得关注的是，她们的完成的研究成果已经获得了潜在的高影响力期刊的接收，并且这是非常值得称道的成就。

总之，Jane是一名杰出的学生，在背后有着超出常人的才华和荣誉，成就优异！我相信她将会以同样的态度和才干去推动和提升所在的团队和公司！基于她的表现和天赋我强烈地推荐Jane申请任何一个在人工智能，深度学习和数据科学方向的职位，这将是您公司最幸运的举动。

如果您有任何问题，欢迎随时联系我.

祝贺良好，

王老师"
为了展示你的道德诚信，说明你将如何解决道德困境。,考虑这样一种情况：一群人正在共同享受户外探险活动，其中一个人被卡在封闭空间的唯一进出口处，例如一个洞穴。由于高潮或暴雨，洞穴里的水开始上涨。如果无法将这个人从入口处救出，所有人都将遭受灭顶之灾。但是卡在洞穴里的人无法获救，只能接受命运的安排。,"在这种道德困境中，我认为可以通过以下方法来解决问题：

首先，我们需要考虑所有可能的解决方案。例如，我们可以尝试使用绳索或其他工具将被困人员从另一个出口救出来。如果这是不可能的，我们需要考虑采取其他措施，例如减缓水的流速或寻找其他帮助。

其次，我们需要考虑与其他参与者通力合作。我们需要保持冷静头脑，避免情绪激动，因为这可能会导致更糟糕的后果。我们需要共同商讨并决定最佳行动方案。

最终，我们应该选择最道德和最负责任的行动方案。我们需要从一个更广泛和长远的视野来看待问题，并决定我们的行动将对未来产生的影响。我们需要保持最高程度的道德诚信和责任感，并且始终遵循我们的良心和道德标准来处理任何道德困境。"
在家减少腹部脂肪最好的练习是什么？,,"作为 AI 语言模型，我不能保证以下方法的有效性和安全性，请在运动前咨询专业医生的意见，并根据个人能力和舒适感进行适当调整。以下是一些推荐的在家减少腹部脂肪的练习：

1. 仰卧起坐：仰躺于地上，双手叉腰或两臂伸直，腹部用力收缩，头部和肩部离地向前抬起，再慢慢放下。重复15次到20次。注意，不要在脖子上施加过多的压力。

2. 反向卷腹：仰卧于地面，双手平放在身侧，将双腿伸直，抬起双腿，直到它们与地面成为垂直状态。然后再慢慢降下双腿，重复15到20次。

3. 俯卧撑：趴在地上，双手离肩部略宽，缩小肚子，向上推起身体，然后再慢慢降下身体。重复15到20次。如果你觉得这样太难，你也可以先尝试跪行俯卧撑。

4. 平板支撑：身体直立，身体重心集中在肩部和脚趾上，手臂伸直，支撑身体，保持15到30秒左右的时间。根据个人能力逐渐增加持续时间。

这些练习可以帮助加速新陈代谢、增强肌肉、减少腹部脂肪等多种好处，但是需要长期坚持才能看到效果。"
将给定列表按升序排序。,"列表: [10, 2, 5, -4, 92, 101]","使用Python的sort()方法可以按升序排序列表。代码如下：

```
my_list = [10, 2, 5, -4, 92, 101]
my_list.sort()
print(my_list)
```

输出结果为：

```
[-4, 2, 5, 10, 92, 101]
```"
你认为一位有效的运动教练需要具备哪些素质？,,"作为一名AI，我认为一位有效的运动教练需要具备以下素质：

1.专业知识：运动教练需要具备运动知识，了解锻炼的原理和技术方法。这些知识可以通过学习和培训来获取。

2.良好的沟通能力：运动教练需要与客户有效沟通，倾听客户需求，了解他们的健康状况和运动能力，并给出个性化的训练建议。

3.热情和耐心：运动教练需要对运动保持热情，并有耐心地指导客户，带领他们克服困难并取得进步。

4.身体健康：运动教练自身需要身体健康，并保持良好的体态，以激励客户积极参与运动。

5.创造力和适应能力：运动教练需要根据客户需求和情况，提供创新的训练方案，并能够适应不同客户的需求和能力。

6.责任心和安全意识：运动教练需要对客户的健康和安全负责，并能遵循相关运动安全规则和条例。"
用一个单词或短语填写空白。,休斯顿火箭队是一支位于休斯顿的美国职业___球队。,篮球
"给定一个句子，输出所有单词的词性标签。词性标签包括形容词、副词、连词、限定词、名词、数词、介词、代词、动词。

这里是一个例子：
约翰喜欢街尾的蓝色房子。
词性标记结果是：约翰（名词）喜欢（动词）the（限定词）blue（形容词）house（名词）at（介词）the（限定词）end（名词）of（介词）the（限定词）street（名词）。",实际上，我没听懂你说的话。,词性标记结果是：实际上（副词）我（代词）没（副词）听懂（动词）你（代词）说（动词）的（限定词）话（名词）。
用线性代数方程求解数学应用题。,珍娜正在努力训练以参加全国大赛。她有一个定期的每周计划，一些天每天训练五个小时，另一些天每天训练三个小时。她总共在七天的一周内训练了27个小时。她在多少天训练了五个小时？,"假设珍娜在一周内训练了$x$天，那么她在另外$7-x$天训练了$3$小时。

由此可得方程：

$$
5x + 3(7-x) = 27
$$

将其化简为：

$$
2x = 6
$$

解得$x=3$，即珍娜在$3$天内训练了$5$小时，其余$4$天训练了$3$小时。"
把这封电子邮件概括成一句话：,"亲爱的奥利维亚，

太阳能会议非常成功。New Horizon Manufacturing 想要与我们会面，探讨我们即将推出的光伏窗系统。

我觉得这个星期二讨论会很棒。

最好的祝愿，
艾莉森",New Horizon Manufacturing希望与我们会面探讨光伏窗系统，星期二的讨论会很棒。
编写一段代码，使用bitcoincharts API获取比特币当前值（以美元计价）。,,"抱歉，作为AI语言模型，我无法编写代码。但是，以下是一个使用Bitcoincharts API获取比特币美元价值的Python代码示例：

```
import requests

# Bitcoincharts API URL to get current BTC value in USD
url = 'https://api.bitcoincharts.com/v1/markets/bitstampUSD/ticker.json'

# Send HTTP GET request to Bitcoincharts API
response = requests.get(url)

# Check if request was successful
if response.status_code == 200:
    # Parse JSON response to get current BTC value
    current_btc_value = response.json()['last']
    
    # Print current BTC value in USD
    print('Current BTC value in USD:', current_btc_value)
else:
    print('Error: Unable to retrieve BTC value')
```

该代码从Bitcoincharts API获取比特币对美元的最新价值，并输出该值。 首先导入requests库以发送HTTP请求，然后指定API URL并发送GET请求。 适当检查响应状态代码，解析JSON响应以获取最新价值，并使用print语句在控制台上输出结果。"
编写一个程序，计算从k到n的整数之和。,,"语言不确定，以下是Python程序示例：

```
k = int(input(""请输入k的值：""))
n = int(input(""请输入n的值：""))

sum = 0
for i in range(k, n+1):
    sum += i

print(""从"", k, ""到"", n, ""的整数之和为："", sum)
```"
编写一个 JavaScript 脚本，用于打印当前日期和时间。,,"```js
// 获取当前日期和时间
const date = new Date();

// 拼接日期和时间
const dateTimeString = `${date.getFullYear()}-${date.getMonth()+1}-${date.getDate()} ${date.getHours()}:${date.getMinutes()}:${date.getSeconds()}`;

// 打印日期和时间
console.log(dateTimeString);
```"
编写Python代码解决此LeetCode问题。,"问题：给定两个非空链表，表示两个非负整数。数字以相反的顺序存储，并且它们的每个节点包含一个单独的数字。将这两个数字相加并返回其作为链表的总和。

您可以假设这两个数字不包含任何前导零，除了数字0本身。","示例：

输入：l1 = [2,4,3], l2 = [5,6,4]
输出：[7,0,8]
解释：342 + 465 = 807.

定义链表节点：

class ListNode:
    def __init__(self, val=0, next=None):
        self.val = val
        self.next = next

解决方案：

class Solution:
    def addTwoNumbers(self, l1: ListNode, l2: ListNode) -> ListNode:
        carry = 0 # 进位
        res = ListNode(0) # 创建结果链表，初始节点值设为0
        node = res # 保存res的引用，node用于遍历结果链表
        
        while l1 or l2 or carry: # 进行链表遍历，直至l1、l2为空，且无进位
            val1 = l1.val if l1 else 0 # 链表l1中节点值
            val2 = l2.val if l2 else 0 # 链表l2中节点值
            Sum = val1 + val2 + carry # 计算每位相加总和
            carry = int(Sum / 10) # 取进位
            node.next = ListNode(Sum % 10) # 创建新节点，保存当前位计算结果
            node = node.next # 遍历结果链表
            l1 = l1.next if l1 else None # l1向后移动
            l2 = l2.next if l2 else None # l2向后移动
        
        return res.next # 返回结果链表的第二个节点，去掉初始值为0的节点"
我的航班被取消了-我能据此起诉他们来要求退款吗？请根据法律给我一个详细的答案。,,"根据欧盟法规(EC)261/2004，如果您的航班被取消或延误超过三个小时，您有权获得补偿或选择退款。在这种情况下，航空公司有责任提供以下三种选择之一：

1. 用同等航班安排另一次航班，无需额外支付费用；

2. 用同等航班安排另一次航程，但在时间允许的情况下提供其他交通方式，例如火车或汽车票；

3. 退款，包括购买该航班所付的全部费用。

如果航空公司没有提供其中一种选项，则可以要求退款。如果他们拒绝退款，您可以起诉航空公司，并根据欧盟法规(EC)261/2004要求赔偿，除非航空公司能证明延误或取消是由于不可抗力引起的，例如天气原因或政治动荡等。

因此，如果您的航班被取消，您可以根据欧盟法规(EC)261/2004要求航空公司退款或赔偿。"
请给我加利福尼亚州，美国规定最低工资的法律。,,"加利福尼亚州最低工资法律规定如下：

自2021年1月1日起，雇主必须向工人支付每小时13美元的最低工资。

该最低工资标准将在未来几年逐步增加，如下所示：

- 2022年1月1日：每小时14美元
- 2023年1月1日：每小时15美元

此外，加利福尼亚州还有一些规定，其中包括：

- 雇主必须向工人提供加班工资，即每周工作超过40小时的部分必须以1.5倍的工资支付。
- 雇主必须给工人提供休息时间，包括每天至少10分钟的休息时间和每周至少一天的休假时间。
- 雇主还必须向工人支付各种补贴和福利，如医疗保险、带薪休假和健康保健福利。"
解决以下方程组。给我最终答案。,3x - 4y = 1，2x + 3y = 12。,"首先，可以使用消元法来解决这个方程组。我们将方程组写成矩阵形式：

\begin{pmatrix}3 & -4 \\2 & 3 \\\end{pmatrix} \begin{pmatrix}x \\y \\\end{pmatrix} = \begin{pmatrix}1 \\12 \\\end{pmatrix}

然后，我们可以通过行变换将左边的矩阵变成一个上三角矩阵，然后再用回代法求解。

首先将第二行乘以 $(-\frac{3}{2})$，得到：

\begin{pmatrix}3 & -4 \\0 & \frac{17}{2} \\\end{pmatrix} \begin{pmatrix}x \\y \\\end{pmatrix} = \begin{pmatrix}1 \\9 \\\end{pmatrix}

然后，我们可以得到 $y = \frac{18}{17}$，将其代入第一个方程中，可以得到 $x = \frac{31}{17}$。因此，方程组的解为：

x = 31/17，y = 18/17。

答案：$x = \frac{31}{17}$，$y = \frac{18}{17}$。"
为这个班级制定一个教学大纲。,班级：博士生自然语言处理。,"教学大纲：

课程名称：博士生自然语言处理

课程简介：本课程着重介绍自然语言处理领域的高级主题和研究方法，包括自然语言处理的基本概念、技术和应用，深度学习、知识图谱、语义分析等前沿技术的应用以及实际案例研究。

课程目标：

1.了解自然语言处理相关领域知识，并能够熟练掌握其中的基础概念、技术和方法；

2.掌握自然语言处理中的深度学习、知识图谱、语义分析等重要技术，逐渐深入研究自然语言处理问题；

3.能够解决自然语言处理的实际问题，并具备独立研究、解决问题的能力；

4.了解当前自然语言处理领域的趋势和前沿技术，并能够对该领域的研究问题和方法进行自主思考。

课程安排：

第一周：自然语言处理概述

课程简介、自然语言处理的基本概念、自然语言处理的应用领域、自然语言处理中的数据与语言学知识

第二周：语言处理技术

文本表示、自然语言理解、自然语言生成、语言学规则、统计语言模型

第三周：深度学习及自然语言处理

神经网络基础、卷积神经网络、循环神经网络、深度学习在自然语言处理中的应用、深度学习在文本分类、实体识别、语义分析、机器翻译等任务中的应用

第四周：知识图谱和语义分析

知识表示和存储、知识图谱的构建和应用、语义分析、语义链接和推理

第五周：自然语言处理中的应用

自然语言处理在问答系统、智能客服、智能翻译、文本挖掘、舆情分析等领域的应用，基于自然语言处理的新兴应用的趋势和发展动态

第六周：案例分析

以典型案例为例，分析自然语言处理的过程及结果分析。

教学方法：

课堂讲授、案例分析、独立研究、论文阅读、课程设计

考核方式：

平时成绩、作业、论文研究、考试

参考教材：

1.《自然语言处理综述》Daniel Jurafsky and James H. Martin 编著 机械工业出版社 2017

2.《深度学习与自然语言处理》林轩田著 人民邮电出版社 2018

3.《大规模知识图谱构建与应用实践》谢恩铭、伍建辉等著 电子工业出版社 2018

4.《自然语言处理与人工智能应用》杨小兵编著 印刷工业出版社 2019

5.《自然语言处理基础》Young-Suk Lee著 人民邮电出版社 2019"
对以下大学进行排名。,普林斯顿，斯坦福，清华大学和北京理工大学,"由于这四所大学位于不同的国家和地区，很难直接比较它们之间的排名。不同的排名机构也可能采用不同的标准和方法来排名它们，因此可能会得到不同的结果。

根据QS世界大学排名2022，普林斯顿大学排名第一，斯坦福大学排名第二，清华大学排名第=25，北京理工大学未能进入前100名。

根据2021年US News全球大学排名，普林斯顿大学排名第一，斯坦福大学排名第二，清华大学排名第17，北京理工大学未能进入前100名。

根据2022年泰晤士高等教育世界大学排名，普林斯顿大学排名第一，斯坦福大学排名第二，清华大学排名第13，北京理工大学未能进入前200名。

需要注意的是，排名仅仅是对大学的某些方面进行量化，并不能完全反映大学的实际情况和价值。因此，选择大学时，应该根据个人的兴趣、需求、能力等综合考虑，而不是仅仅根据排名。"
按人口排列这些国家。,巴西、中国、美国、日本、加拿大、澳大利亚。,中国、美国、巴西、日本、澳大利亚、加拿大。
确定给定句子中单词的词性标记。,"单词：兴奋
句子：当她的申请获得批准时，她感到非常兴奋。",兴奋：动词
给定一个句子，检测其中是否存在任何潜在的刻板印象。如果存在的话，你应该解释这个刻板印象。否则，输出“无”。,下一任美国总统应该是白人。,存在潜在的刻板印象，因为这个说法暗示了其他种族或族裔的人不适合成为美国总统。这种刻板印象被称为“种族歧视”。
在这个任务中，你需要比较两个句子的意思并确定它们是否相同。输出是或否。,"句子1：老师正在向班级讲话。
句子2：老师正在向学生讲话。",是
告诉我这个行为是否合乎道德，输出“道德”或“不道德”。,当我在办公室时，请关上门。,道德。
考虑到我的性格和工作，告诉我是否适合。,"个性：我很随和，喜欢和人交谈。我并不是很有逻辑思维，但通常我会试着理智并理解别人的需求。在闲暇时，我通常很体贴周到。

职业：程序员。",根据您提供的信息，您的性格适合与人进行良好的交流和互动，这是很好的性格特点。但是，作为程序员，需要具备较强的逻辑思维和分析能力，因此您可能需要在这方面做一些努力和提高。您描述的体贴周到的特点，可以在团队合作和与客户的交流中发挥很大的作用。总体而言，程序员这个职业需要不断学习和提升自己的技能和知识，如果您对此持有积极的态度和愿望，那么这个职业对您而言是适合的。
确定以下情况是否是被冒犯的，如果是输出1，否则输出0。,你太幸运了，得到了晋升。,0
决定这个三段论是否在逻辑上是合理的。,"所有的德国人都是欧洲人。
有些德国人有金色头发。
因此，没有欧洲人有金色头发。",这个三段论在逻辑上是不合理的。因为有可能存在其他欧洲人（比如瑞典人或挪威人）也有金色头发。只是这个三段论中的“有些德国人”是有金色头发，但这并不能代表所有有金色头发的人都是德国人，因此推论出结论“没有欧洲人有金色头发”是不成立的。
选择以下文章的主题。主题候选包括：政治、运动、健康、科学、商业、金融和娱乐。,鲸是一群广泛分布、多样化的完全水生胎盘海洋哺乳动物。它们是亚目鲸目中的非正式分类群，通常不包括海豚和鼠海豚。鲸、海豚和鼠海豚属于偶蹄目，是偶蹄动物的一种。它们最亲近的非鲸类近亲是河马，它们和其他鲸类大约在5400万年前分化出来。鲸类分为须鲸目（龙骨鲸）和齿鲸目（齿鲸）两个亚目，它们的最后共同祖先大约在3400万年前。鲸类包括八个现存的家族：须鲸科（长须鲸）、鲸科（露脊鲸）、棱鲸科（小露脊鲸）、灰鲸科、单齿鲸科（白鳍海豚和独角鲸）、抹香鲸科（抹香鲸）、小抹香鲸科和喙鲸科。,科学
将该句子的情感分类为积极、消极或混合。,我喜欢这家餐厅的风味，但他们的服务太慢了。,混合。
你需要阅读一段代码并检测是否存在语法错误。如果存在错误，输出 true，如果不存在，则输出 false。,"def translate(txt):
    start = time.time()
    for _ in range(3):
        try:
            rst = openai.ChatCompletion.create(
              model=""gpt-3.5-turbo"",
              messages=[
                    {""role"": ""user"", ""content"": f'将英文准确翻译成中文：""{txt}""'},
                ]
            )
            break
        except:
            traceback.print_exc()
            time.sleep(10)
    else:
        raise Exception()
    
    end = time.time()
    
    if end - start < frame_sec:
        time.sleep(frame_sec - end + start + 0.1)

    return rst['choices'][0]['message']['content'].strip()",可能存在语法错误，因为在代码中使用了 time、openai、traceback 等库，但是这些库并没有被导入。因此，要使代码能够正常运行，必须先导入这些库。如果这些库已经导入并存在于环境中，则代码没有语法错误。
给定用户的话语，预测用户的意图。意图可以是以下类别之一：1）下订单或取消订单；2）运输和交付；3）更改和退货；4）网站和应用程序出现技术问题。为每个类别输出1-4。,大家好，我昨天下了一个订单，今天早上收到了一份邮件，说产品已经发货了。但是我在USPS上无法跟踪，你能告诉我如何跟踪吗？,"意图：2）运输和交付
输出：2"
请告诉我这个句子的事实是否正确？是或否？,喜马拉雅山是世界上最高的山,是。
回答下列选择题。为最终答案选择A、B、C或D。,"哪个公司的总部在新加坡？
(A) 阿里巴巴
(B) 台积电
(C) Salesforce
(D) Shopee",(D) Shopee
给定一个用户查询，找出下面哪个段落包含了查询的答案。输出段落的索引。,"查询：在土耳其旅行的最佳季节

段落：
1）无论你是根据天气来计划你的澳大利亚假期还是想在最经济的时候旅行，这里是最佳时候去澳大利亚的简要介绍。
2）难怪伊斯坦布尔经常被误认为是土耳其首都。它是最大的城市，由于人口增加，城市的总面积不断扩大。它是商业城市。它也是不同帝国的历史中心，是世界上唯一分布在欧洲和亚洲两大洲的城市。
3）四月、五月、九月和十月温度宜人，介于68°F至86°F之间，通常是参观土耳其众多古迹的最佳时间。
4）11月和12月在该国大部分地区相当寒冷，除安塔利亚周边地区比较温暖外。
5）在土耳其，夏季（6月至9月）的白天比冬季（12月至3月）长。在6月份日照时间达到大约15小时。另一方面，最长的黑夜在冬季。安卡拉的12月夜晚持续近15个小时，白天开始时间约晚了3个小时。",段落3包含了查询的答案。输出索引为3。
从名单中选择最年长的人。,乔治·华盛顿、孔子、迈克尔·乔丹、米开朗琪罗。,孔子是最年长的人。
从一组数字中找出最大的一个。直接输出这个数字。,"{1001, 22, 500, -3999, 1e6, 85, -2e6}",答案是 1e6
将以下电子邮件归类为垃圾邮件或非垃圾邮件。,"您好，

我们评估了2015年雇佣条款中提供的支付结构，发现您应该从2015年8月开始获得加薪。您的加薪文件如下：

在此处访问文件

此致

敬礼，

人力资源部",非垃圾邮件
请告诉我以下电子邮件是否为推广邮件。,"主题：您的花旗Premier?账户有一笔3.50美元的交易
发件人：alerts@info6.citi.com
内容：
您好，XXX。您的花旗Premier?账户发生了一笔大于0.00美元的交易。以下是交易详情。
金额：3.50美元
卡片尾号：6211
商家：Barron餐厅Seattle
日期：05/12/2021
时间：下午03:29 ET",这封电子邮件不是推广邮件，它是一封账户警报邮件，提醒用户他们的账户发生了一笔交易。
这份文件中的信息是否支持该主张？你可以回答“支持”或“不支持”。,"文件：在创纪录的存折利率持续下降和房价飙升之后，美国房地产市场终于开始放缓。尽管需求和价格上涨的势头正在减缓，但房地产经济学家和分析师表示，任何修正也很可能是适度的。没有人预期会出现像大萧条期间那样的大规模价格下跌。

主张：美国房地产市场即将崩溃。",不支持。文件中提到房地产市场放缓和需要适度修正，但并没有提到像大萧条期间那样的大规模价格下跌，因此不支持该主张。
预测新闻对公司股价的影响是积极的、消极的还是中性的。输出积极、消极或中立。,"11月初，中国南部一位特斯拉驾驶员参与了一起致命车祸，他表示车辆的刹车在一英里以内都没有反应，但美国汽车制造商表示他根本没有使用刹车。中国警方周日表示他们正在进一步调查该事件，发生在广东省潮州以东的饶平县，造成两人死亡，三人受伤。
公司：特斯拉。",消极的。
您将获得一篇新闻文章，需要确定该文章属于哪些类别。可能的类别包括：音乐、体育、政治、科技、金融、篮球、足球、网球、娱乐、数字游戏、世界新闻。请逐一输出该文章所属的类别，用逗号分隔。,"在2022年卡塔尔世界杯前夕，国际足联主席乔尔·因凡蒂诺在长达一小时的激动人心的独白中，对那些对这个备受争议的赛事抱有批评态度的西方人进行了激烈的演讲。

因凡蒂诺是世界足球管理机构的老板，周六在卡塔尔的多哈向数百名记者发表讲话时神情郁郁寡欢。

“我们从欧洲、西方世界学到了很多教训”，他指的是对卡塔尔人权纪录的批评。",足球，体育，世界新闻，政治
选择文章中包含最多单词的句子，输出该句的索引。,(1) 那么，Black Friday是什么？(2)说实话，Black Friday有点像我们的超级碗。 (3)我们花费大量时间浏览、截图和分享我们在群聊中的心愿清单，所有这一切都是为了这些折扣。 (4)从历史角度来看，Black Friday被广泛认为是一年中最大的购物日之一，许多零售商的实体店和网上都提供销售和优惠活动。 (5)Black Friday已经不仅是购买电视和电子产品了。,句子(3)包含最多的单词。其索引为3。
给定一个对话，分类用户是否对该服务满意。您应该回答“满意”或“不满意”。,"- 客服代表：抱歉，我们将为您取消那个订单，您将在7个工作日内获得退款。
- 客户：哦，这太长时间了。我希望你们能更快地处理这个问题。",不满意。
检测 Reddit 帖子是否包含仇恨言论。,"“r/worldnews
?由u/madneon_发布
3小时前
俄罗斯“借款136亿美元，是有史以来单日最大的债务发行”，继续不断衰退的战争

macross1984 · 3小时前
俄罗斯将会面临违约。

throwaway12313223123 · 2小时前
变成...？他们已经有一段时间了。

mrkikkeli · 27分钟前
普京：“在地狱里当奴隶比...等等，那个引用是什么？””",未发现任何仇恨言论。
事实核查 - 基于你的知识和常识，告诉我陈述是否真实、虚假或不确定。,费城是美国安全度排名前十的城市之一。,真实。费城曾经被评为美国安全度排名前十的城市之一。
判断该句子是否存在脏话,"""啊，难怪她嫁给了你。你是个混蛋。""",该句子存在脏话。
